Sales Person	Country	Product	Date	Amount	Boxes Shipped
Jehu Rudeforth	UK	Mint Chip Choco	4-Jan-22	"$5,320 "	180
Van Tuxwell	India	85% Dark Bars	1-Aug-22	"$7,896 "	94
Gigi Bohling	India	Peanut Butter Cubes	7-Jul-22	"$4,501 "	91
Jan Morforth	Australia	Peanut Butter Cubes	27-Apr-22	"$12,726 "	342
Jehu Rudeforth	UK	Peanut Butter Cubes	24-Feb-22	"$13,685 "	184
Van Tuxwell	India	Smooth Sliky Salty	6-Jun-22	"$5,376 "	38
Oby Sorrel	UK	99% Dark & Pure	25-Jan-22	"$13,685 "	176
Gunar Cockshoot	Australia	After Nines	24-Mar-22	"$3,080 "	73
Jehu Rudeforth	New Zealand	50% Dark Bites	20-Apr-22	"$3,990 "	59
Brien Boise	Australia	99% Dark & Pure	4-Jul-22	"$2,835 "	102
Rafaelita Blaksland	UK	Smooth Sliky Salty	13-Jan-22	"$4,704 "	62
Barr Faughny	USA	Orange Choco	10-Mar-22	"$3,703 "	11
Mallorie Waber	Canada	Eclairs	13-Jan-22	"$1,442 "	286
Karlen McCaffrey	New Zealand	Drinking Coco	28-Jul-22	$168 	156
Marney O'Breen	New Zealand	Peanut Butter Cubes	3-Aug-22	"$8,379 "	173
Beverie Moffet	Australia	Organic Choco Syrup	26-Jan-22	"$6,790 "	356
Van Tuxwell	Canada	Organic Choco Syrup	14-Feb-22	"$4,067 "	42
Roddy Speechley	USA	Smooth Sliky Salty	5-Apr-22	"$3,017 "	140
Beverie Moffet	Canada	Milk Bars	16-Feb-22	"$8,799 "	250
Curtice Advani	UK	85% Dark Bars	8-Jun-22	"$1,085 "	172
Brien Boise	Australia	Eclairs	27-Jun-22	"$6,888 "	88
Gunar Cockshoot	USA	Spicy Special Slims	17-Feb-22	"$1,267 "	157
Marney O'Breen	USA	After Nines	30-May-22	"$4,753 "	163
Husein Augar	UK	Drinking Coco	14-Mar-22	"$3,003 "	113
Kaine Padly	Australia	Eclairs	28-Feb-22	"$7,672 "	115
Karlen McCaffrey	India	Fruit & Nut Bars	26-Jan-22	$168 	321
Roddy Speechley	Canada	Spicy Special Slims	9-Feb-22	"$1,652 "	186
Husein Augar	USA	Eclairs	7-Jul-22	"$4,025 "	112
Dennison Crosswaite	New Zealand	White Choc	5-Jul-22	"$9,492 "	151
Dennison Crosswaite	New Zealand	Manuka Honey Choco	15-Jun-22	"$5,061 "	301
Van Tuxwell	New Zealand	85% Dark Bars	24-May-22	"$1,722 "	121
Rafaelita Blaksland	UK	99% Dark & Pure	29-Jun-22	"$12,446 "	150
Wilone O'Kielt	Australia	Manuka Honey Choco	11-May-22	"$4,284 "	94
Karlen McCaffrey	UK	Almond Choco	30-Jun-22	"$6,839 "	133
Andria Kimpton	Canada	After Nines	11-May-22	"$2,163 "	70
Roddy Speechley	USA	Manuka Honey Choco	22-Jul-22	"$9,583 "	315
Andria Kimpton	UK	50% Dark Bites	24-Aug-22	"$2,653 "	314
Kelci Walkden	New Zealand	After Nines	7-Jul-22	$147 	72
Camilla Castle	Australia	85% Dark Bars	19-May-22	"$3,654 "	14
Karlen McCaffrey	India	Manuka Honey Choco	4-Jul-22	"$2,443 "	581
Kelci Walkden	USA	After Nines	2-Jun-22	$938 	16
Karlen McCaffrey	USA	Raspberry Choco	15-Apr-22	"$14,749 "	354
Mallorie Waber	Canada	Choco Coated Almonds	11-Jul-22	"$4,781 "	241
Andria Kimpton	India	Spicy Special Slims	23-Feb-22	"$6,307 "	142
Madelene Upcott	Canada	Almond Choco	22-Aug-22	"$7,602 "	102
Kaine Padly	USA	Peanut Butter Cubes	16-Feb-22	"$6,790 "	188
Van Tuxwell	USA	50% Dark Bites	13-Jan-22	"$9,737 "	160
Curtice Advani	Australia	Milk Bars	14-Feb-22	"$6,979 "	18
Roddy Speechley	India	Eclairs	10-Jun-22	"$4,382 "	303
Curtice Advani	India	Fruit & Nut Bars	7-Jul-22	"$5,243 "	176
Curtice Advani	Canada	Almond Choco	24-Mar-22	"$4,865 "	70
Brien Boise	Australia	Fruit & Nut Bars	6-Jun-22	"$8,575 "	23
Dotty Strutley	Australia	Drinking Coco	19-Jul-22	$91 	135
Beverie Moffet	USA	Raspberry Choco	19-Apr-22	"$14,798 "	83
Marney O'Breen	India	85% Dark Bars	19-Jul-22	"$2,205 "	179
Jehu Rudeforth	Canada	Drinking Coco	15-Jul-22	$441 	24
Ches Bonnell	New Zealand	Spicy Special Slims	14-Feb-22	"$3,556 "	18
Brien Boise	Canada	99% Dark & Pure	18-May-22	"$16,793 "	416
Barr Faughny	Australia	Fruit & Nut Bars	30-Jun-22	"$15,421 "	55
Andria Kimpton	Australia	50% Dark Bites	2-Jun-22	"$4,438 "	227
Andria Kimpton	Australia	Drinking Coco	28-Jun-22	"$1,603 "	48
Marney O'Breen	Australia	Organic Choco Syrup	16-May-22	$273 	174
Kelci Walkden	Canada	Baker's Choco Chips	26-May-22	"$3,073 "	302
Karlen McCaffrey	India	Almond Choco	6-Jul-22	"$6,090 "	149
Oby Sorrel	India	99% Dark & Pure	27-May-22	"$10,255 "	11
Wilone O'Kielt	Australia	Caramel Stuffed Bars	14-Apr-22	"$2,030 "	11
Van Tuxwell	Australia	Organic Choco Syrup	10-Aug-22	"$19,453 "	14
Camilla Castle	India	50% Dark Bites	4-Jul-22	"$9,275 "	411
Oby Sorrel	India	Organic Choco Syrup	8-Jul-22	"$6,181 "	56
Jan Morforth	USA	Peanut Butter Cubes	22-Jul-22	"$9,037 "	102
Gigi Bohling	USA	Choco Coated Almonds	2-Mar-22	"$12,313 "	103
Gigi Bohling	UK	Almond Choco	10-Jan-22	"$5,642 "	9
Jehu Rudeforth	New Zealand	White Choc	11-Mar-22	"$2,800 "	241
Andria Kimpton	New Zealand	Peanut Butter Cubes	20-Jun-22	$959 	265
Van Tuxwell	UK	Organic Choco Syrup	26-Aug-22	"$2,002 "	214
Roddy Speechley	Canada	Milk Bars	13-Jul-22	$609 	32
Camilla Castle	USA	Spicy Special Slims	11-Feb-22	"$1,274 "	244
Marney O'Breen	USA	Orange Choco	27-Jan-22	"$7,595 "	181
Van Tuxwell	UK	99% Dark & Pure	31-Jan-22	"$4,725 "	137
Camilla Castle	USA	White Choc	18-Aug-22	"$9,681 "	24
Andria Kimpton	USA	Raspberry Choco	30-Jun-22	"$14,504 "	21
Dotty Strutley	Australia	Fruit & Nut Bars	23-Aug-22	$280 	311
Brien Boise	New Zealand	Mint Chip Choco	1-Aug-22	$63 	181
Roddy Speechley	New Zealand	After Nines	25-May-22	"$8,001 "	10
Roddy Speechley	Canada	Organic Choco Syrup	10-Jan-22	"$4,032 "	82
Dennison Crosswaite	Australia	70% Dark Bites	7-Feb-22	"$5,859 "	108
Karlen McCaffrey	USA	Orange Choco	12-May-22	"$11,095 "	401
Madelene Upcott	Australia	Spicy Special Slims	7-Mar-22	"$7,182 "	408
Dennison Crosswaite	Australia	85% Dark Bars	5-Apr-22	"$6,881 "	420
Andria Kimpton	Canada	Caramel Stuffed Bars	3-Jan-22	"$7,154 "	348
Dennison Crosswaite	UK	Eclairs	24-Mar-22	"$6,188 "	270
Madelene Upcott	India	Raspberry Choco	7-Jul-22	"$4,221 "	9
Van Tuxwell	USA	After Nines	26-Jul-22	$630 	264
Wilone O'Kielt	Australia	Organic Choco Syrup	7-Jul-22	"$1,743 "	111
Karlen McCaffrey	Canada	50% Dark Bites	15-Jul-22	"$2,919 "	65
Roddy Speechley	New Zealand	Orange Choco	1-Apr-22	$49 	97
Beverie Moffet	Australia	Eclairs	20-Jun-22	"$1,827 "	6
Kelci Walkden	UK	Fruit & Nut Bars	29-Jun-22	"$13,006 "	482
Marney O'Breen	USA	50% Dark Bites	15-Jun-22	"$1,064 "	106
Husein Augar	USA	After Nines	8-Apr-22	"$11,571 "	180
Dennison Crosswaite	Australia	Raspberry Choco	14-Mar-22	"$5,740 "	31
Andria Kimpton	USA	Fruit & Nut Bars	15-Jul-22	"$1,456 "	359
Kelci Walkden	India	Eclairs	19-Apr-22	"$5,334 "	80
Marney O'Breen	USA	99% Dark & Pure	28-Mar-22	"$4,151 "	296
Brien Boise	Canada	Spicy Special Slims	4-Mar-22	"$8,106 "	101
Karlen McCaffrey	New Zealand	70% Dark Bites	2-Aug-22	$126 	40
Husein Augar	UK	Spicy Special Slims	25-Aug-22	"$4,697 "	42
Marney O'Breen	USA	Almond Choco	25-Feb-22	"$7,798 "	167
Kelci Walkden	India	Orange Choco	7-Jun-22	"$9,408 "	138
Jan Morforth	India	Spicy Special Slims	12-Apr-22	"$1,939 "	520
Ches Bonnell	India	Spicy Special Slims	6-Jul-22	"$10,906 "	94
Kelci Walkden	UK	Smooth Sliky Salty	19-Jan-22	"$5,929 "	175
Madelene Upcott	Australia	Fruit & Nut Bars	5-Jan-22	"$5,579 "	92
Madelene Upcott	Canada	70% Dark Bites	24-Jan-22	"$10,927 "	141
Wilone O'Kielt	Australia	Drinking Coco	6-Apr-22	$623 	283
Gunar Cockshoot	Australia	Fruit & Nut Bars	15-Jun-22	"$6,013 "	21
Gigi Bohling	Canada	Baker's Choco Chips	28-Jan-22	"$1,505 "	47
Kelci Walkden	India	Caramel Stuffed Bars	16-Mar-22	$476 	125
Rafaelita Blaksland	Australia	Drinking Coco	21-Feb-22	"$11,550 "	396
Kelci Walkden	USA	Manuka Honey Choco	16-Feb-22	"$17,318 "	87
Jehu Rudeforth	Canada	Spicy Special Slims	13-Jan-22	"$1,848 "	27
Kelci Walkden	Australia	Eclairs	23-Mar-22	"$7,273 "	547
Curtice Advani	Canada	Spicy Special Slims	16-Jun-22	$854 	118
Oby Sorrel	India	Raspberry Choco	14-Apr-22	"$6,832 "	46
Kelci Walkden	UK	Eclairs	25-Jan-22	"$4,606 "	57
Jan Morforth	India	Almond Choco	11-Mar-22	"$4,466 "	22
Dotty Strutley	UK	Almond Choco	28-Jul-22	"$16,114 "	96
Marney O'Breen	New Zealand	After Nines	9-Mar-22	"$1,561 "	44
Husein Augar	Australia	Orange Choco	28-Jun-22	"$8,897 "	188
Marney O'Breen	Australia	Milk Bars	28-Jul-22	"$2,464 "	387
Kelci Walkden	Canada	99% Dark & Pure	15-Aug-22	"$4,830 "	50
Kaine Padly	Australia	Manuka Honey Choco	12-Jan-22	"$2,765 "	264
Beverie Moffet	New Zealand	White Choc	24-Mar-22	"$7,126 "	7
Van Tuxwell	UK	Milk Bars	25-Jul-22	"$4,263 "	90
Oby Sorrel	Canada	99% Dark & Pure	1-Aug-22	"$3,605 "	403
Van Tuxwell	India	Organic Choco Syrup	16-May-22	"$19,929 "	174
Roddy Speechley	India	Smooth Sliky Salty	10-Aug-22	"$5,103 "	140
Jan Morforth	India	Eclairs	5-Jan-22	"$2,541 "	27
Ches Bonnell	UK	Smooth Sliky Salty	11-Jul-22	"$5,663 "	110
Wilone O'Kielt	USA	After Nines	25-Apr-22	$392 	30
Gigi Bohling	New Zealand	Fruit & Nut Bars	4-Apr-22	"$10,976 "	121
Barr Faughny	USA	Raspberry Choco	12-Apr-22	"$9,282 "	101
Wilone O'Kielt	New Zealand	85% Dark Bars	2-Aug-22	"$1,827 "	117
Gigi Bohling	New Zealand	Manuka Honey Choco	28-Jun-22	"$8,267 "	272
Ches Bonnell	Australia	Eclairs	5-Jul-22	"$4,116 "	128
Rafaelita Blaksland	New Zealand	Choco Coated Almonds	7-Jun-22	"$2,093 "	45
Brien Boise	New Zealand	Smooth Sliky Salty	18-Jan-22	"$1,015 "	27
Brien Boise	Australia	Baker's Choco Chips	4-Jan-22	"$12,516 "	212
Dennison Crosswaite	Australia	99% Dark & Pure	31-Jan-22	"$2,758 "	18
Kelci Walkden	India	Almond Choco	14-Mar-22	"$3,297 "	149
Camilla Castle	Australia	70% Dark Bites	29-Apr-22	"$6,048 "	477
Oby Sorrel	India	Smooth Sliky Salty	7-Feb-22	"$10,101 "	108
Kaine Padly	UK	Organic Choco Syrup	31-Mar-22	"$2,282 "	178
Marney O'Breen	India	Caramel Stuffed Bars	16-Mar-22	"$4,361 "	81
Karlen McCaffrey	UK	Eclairs	25-Jan-22	"$7,798 "	196
Van Tuxwell	India	Baker's Choco Chips	20-Jun-22	"$3,052 "	447
Gigi Bohling	UK	After Nines	29-Mar-22	"$8,029 "	175
Curtice Advani	Australia	Orange Choco	12-Jul-22	$854 	136
Jehu Rudeforth	Canada	Smooth Sliky Salty	11-Jul-22	"$5,460 "	138
Karlen McCaffrey	Canada	Smooth Sliky Salty	19-Jan-22	"$3,017 "	184
Andria Kimpton	USA	85% Dark Bars	5-Apr-22	"$8,911 "	82
Jehu Rudeforth	Canada	Milk Bars	21-Feb-22	"$7,203 "	12
Rafaelita Blaksland	New Zealand	Caramel Stuffed Bars	20-May-22	"$13,083 "	14
Mallorie Waber	Australia	Milk Bars	29-Jul-22	"$2,779 "	104
Barr Faughny	USA	Fruit & Nut Bars	28-Jan-22	"$9,058 "	46
Marney O'Breen	UK	Caramel Stuffed Bars	19-Jul-22	"$3,549 "	112
Mallorie Waber	New Zealand	Manuka Honey Choco	13-Apr-22	"$9,436 "	11
Roddy Speechley	India	Peanut Butter Cubes	11-Feb-22	"$10,283 "	21
Roddy Speechley	New Zealand	Milk Bars	2-Mar-22	"$5,446 "	116
Ches Bonnell	Australia	White Choc	2-Mar-22	"$1,043 "	202
Van Tuxwell	USA	99% Dark & Pure	28-Jul-22	"$12,586 "	6
Kelci Walkden	India	After Nines	7-Jan-22	"$1,687 "	520
Brien Boise	UK	White Choc	12-Apr-22	"$5,299 "	167
Van Tuxwell	Canada	Almond Choco	27-Jun-22	"$3,213 "	72
Jehu Rudeforth	Australia	50% Dark Bites	14-Jan-22	"$5,194 "	418
Karlen McCaffrey	UK	Baker's Choco Chips	7-Feb-22	"$4,753 "	389
Jehu Rudeforth	Australia	Orange Choco	23-Mar-22	"$13,706 "	26
Marney O'Breen	India	Peanut Butter Cubes	10-Jan-22	"$6,489 "	146
Oby Sorrel	UK	Choco Coated Almonds	17-Mar-22	"$9,324 "	41
Gigi Bohling	USA	Spicy Special Slims	21-Jan-22	"$10,829 "	54
Barr Faughny	Australia	White Choc	4-Jul-22	"$8,113 "	370
Kaine Padly	Canada	Peanut Butter Cubes	4-Jul-22	"$3,269 "	176
Dotty Strutley	USA	Manuka Honey Choco	10-Aug-22	$273 	210
Dennison Crosswaite	Australia	50% Dark Bites	1-Apr-22	"$7,287 "	12
Gigi Bohling	India	Raspberry Choco	22-Feb-22	"$2,583 "	159
Camilla Castle	UK	White Choc	3-Jan-22	"$9,982 "	187
Karlen McCaffrey	India	Drinking Coco	31-May-22	"$4,795 "	233
Dotty Strutley	UK	99% Dark & Pure	3-Jan-22	"$9,310 "	282
Husein Augar	New Zealand	Caramel Stuffed Bars	27-Jan-22	$497 	475
Barr Faughny	UK	50% Dark Bites	28-Jan-22	$581 	65
Curtice Advani	Australia	Organic Choco Syrup	28-Jun-22	"$3,472 "	311
Husein Augar	UK	Choco Coated Almonds	2-Mar-22	"$4,333 "	43
Wilone O'Kielt	Australia	After Nines	27-May-22	"$3,325 "	26
Dennison Crosswaite	USA	Almond Choco	30-Jun-22	"$11,718 "	84
Barr Faughny	Canada	Peanut Butter Cubes	7-Jun-22	"$2,100 "	78
Kaine Padly	USA	70% Dark Bites	12-May-22	"$4,018 "	100
Barr Faughny	New Zealand	Raspberry Choco	29-Jul-22	"$6,468 "	66
Dennison Crosswaite	UK	White Choc	3-Aug-22	"$7,238 "	265
Barr Faughny	India	Baker's Choco Chips	18-Aug-22	"$6,454 "	141
Van Tuxwell	New Zealand	Smooth Sliky Salty	14-Jun-22	"$3,115 "	42
Beverie Moffet	UK	White Choc	30-Jun-22	"$6,475 "	76
Camilla Castle	New Zealand	Mint Chip Choco	13-Jun-22	"$1,162 "	190
Ches Bonnell	UK	Orange Choco	27-Apr-22	"$14,238 "	54
Jan Morforth	Australia	White Choc	27-Jul-22	"$3,472 "	32
Mallorie Waber	Canada	85% Dark Bars	20-Apr-22	"$1,428 "	424
Rafaelita Blaksland	India	Spicy Special Slims	4-Jan-22	"$8,064 "	134
Ches Bonnell	Australia	Mint Chip Choco	21-Feb-22	"$9,660 "	92
Karlen McCaffrey	Australia	White Choc	5-Jan-22	"$7,357 "	48
Beverie Moffet	India	Drinking Coco	15-Jul-22	"$6,055 "	46
Brien Boise	Australia	Choco Coated Almonds	25-May-22	"$5,124 "	62
Karlen McCaffrey	Canada	Eclairs	20-Apr-22	"$3,479 "	358
Gigi Bohling	USA	99% Dark & Pure	2-Jun-22	$784 	249
Marney O'Breen	UK	Smooth Sliky Salty	13-May-22	"$18,991 "	88
Beverie Moffet	New Zealand	Baker's Choco Chips	3-Aug-22	"$1,372 "	144
Beverie Moffet	Australia	Milk Bars	25-May-22	$735 	390
Van Tuxwell	UK	Raspberry Choco	16-Mar-22	"$6,538 "	79
Jan Morforth	Australia	Orange Choco	4-Jul-22	"$3,199 "	122
Jehu Rudeforth	India	50% Dark Bites	5-Jul-22	"$3,472 "	135
Madelene Upcott	USA	After Nines	15-Mar-22	"$4,571 "	430
Barr Faughny	UK	Raspberry Choco	22-Aug-22	"$5,481 "	69
Ches Bonnell	Australia	70% Dark Bites	12-Jan-22	"$3,136 "	125
Marney O'Breen	UK	Baker's Choco Chips	10-Jun-22	$252 	154
Kaine Padly	Australia	Peanut Butter Cubes	25-Mar-22	"$5,460 "	286
Rafaelita Blaksland	India	Almond Choco	27-Jul-22	"$3,395 "	99
Husein Augar	UK	Caramel Stuffed Bars	15-Apr-22	"$14,938 "	433
Roddy Speechley	India	Orange Choco	27-Jun-22	"$4,053 "	19
Jehu Rudeforth	UK	70% Dark Bites	14-Apr-22	"$5,565 "	258
Husein Augar	Australia	Manuka Honey Choco	15-Mar-22	"$7,161 "	92
Madelene Upcott	USA	Eclairs	18-Mar-22	"$8,883 "	200
Brien Boise	India	Eclairs	29-Apr-22	"$1,351 "	61
Mallorie Waber	New Zealand	White Choc	25-Feb-22	"$3,171 "	246
Husein Augar	USA	Milk Bars	2-Mar-22	$854 	56
Van Tuxwell	Australia	Milk Bars	20-Jun-22	"$7,910 "	87
Beverie Moffet	Canada	White Choc	15-Jul-22	"$9,275 "	173
Dotty Strutley	Australia	50% Dark Bites	12-May-22	"$3,108 "	252
Mallorie Waber	New Zealand	Organic Choco Syrup	1-Jul-22	"$5,075 "	256
Husein Augar	USA	85% Dark Bars	8-Aug-22	$378 	54
Madelene Upcott	Australia	50% Dark Bites	25-Jul-22	"$7,350 "	6
Wilone O'Kielt	UK	Drinking Coco	18-May-22	"$3,388 "	55
Camilla Castle	India	Peanut Butter Cubes	15-Jul-22	"$11,837 "	277
Curtice Advani	India	70% Dark Bites	5-Jul-22	"$2,282 "	44
Mallorie Waber	USA	Manuka Honey Choco	4-Jul-22	"$5,425 "	96
Dotty Strutley	UK	70% Dark Bites	20-Jun-22	"$1,267 "	216
Gunar Cockshoot	Australia	Almond Choco	25-Jan-22	"$3,752 "	424
Kaine Padly	New Zealand	Spicy Special Slims	1-Jul-22	"$7,728 "	37
Gigi Bohling	USA	50% Dark Bites	13-Apr-22	"$2,296 "	59
Beverie Moffet	UK	Smooth Sliky Salty	4-May-22	"$4,403 "	76
Beverie Moffet	Australia	Baker's Choco Chips	4-Aug-22	"$3,192 "	109
Beverie Moffet	India	70% Dark Bites	1-Jun-22	$448 	146
Jehu Rudeforth	UK	Choco Coated Almonds	22-Apr-22	"$4,270 "	185
Kaine Padly	USA	50% Dark Bites	3-Aug-22	$70 	27
Ches Bonnell	USA	Orange Choco	10-Jun-22	"$1,743 "	69
Gunar Cockshoot	UK	Manuka Honey Choco	27-Jun-22	"$6,762 "	46
Marney O'Breen	Australia	Smooth Sliky Salty	3-Jan-22	"$3,745 "	170
Marney O'Breen	India	After Nines	11-Jul-22	"$2,639 "	179
Ches Bonnell	New Zealand	Milk Bars	17-Aug-22	"$4,389 "	126
Rafaelita Blaksland	USA	Fruit & Nut Bars	18-Jan-22	"$2,604 "	65
Ches Bonnell	India	Organic Choco Syrup	8-Mar-22	"$16,569 "	99
Mallorie Waber	Australia	Orange Choco	7-Mar-22	"$14,658 "	275
Husein Augar	India	70% Dark Bites	9-May-22	"$6,454 "	157
Barr Faughny	New Zealand	85% Dark Bars	23-May-22	"$2,100 "	157
Madelene Upcott	UK	Caramel Stuffed Bars	15-Apr-22	$161 	145
Gigi Bohling	Australia	Drinking Coco	27-Jul-22	"$2,807 "	139
Marney O'Breen	Canada	Choco Coated Almonds	22-Aug-22	"$2,639 "	406
Ches Bonnell	USA	70% Dark Bites	11-May-22	"$4,571 "	122
Madelene Upcott	India	Organic Choco Syrup	26-Jan-22	"$4,781 "	38
Barr Faughny	USA	50% Dark Bites	14-Apr-22	"$13,034 "	117
Dennison Crosswaite	New Zealand	Mint Chip Choco	5-Apr-22	"$6,454 "	417
Marney O'Breen	New Zealand	Smooth Sliky Salty	14-Jun-22	"$8,484 "	57
Brien Boise	Canada	Almond Choco	13-Apr-22	"$4,781 "	125
Beverie Moffet	Australia	White Choc	27-Jun-22	"$2,240 "	166
Dotty Strutley	Australia	Eclairs	26-Jan-22	"$6,979 "	3
Barr Faughny	UK	White Choc	5-Jul-22	"$1,652 "	72
Beverie Moffet	Canada	Baker's Choco Chips	11-Jan-22	"$13,447 "	95
Kelci Walkden	USA	White Choc	7-Mar-22	"$9,422 "	22
Kaine Padly	Canada	50% Dark Bites	4-Mar-22	"$8,687 "	100
Karlen McCaffrey	Canada	Organic Choco Syrup	15-Jul-22	"$2,415 "	312
Kaine Padly	UK	Peanut Butter Cubes	11-May-22	"$6,272 "	86
Karlen McCaffrey	USA	Milk Bars	27-Jan-22	"$4,389 "	7
Karlen McCaffrey	India	Orange Choco	27-Jun-22	"$3,122 "	149
Ches Bonnell	India	Smooth Sliky Salty	3-Aug-22	"$8,043 "	18
Wilone O'Kielt	New Zealand	Mint Chip Choco	19-Aug-22	"$11,662 "	242
Wilone O'Kielt	Australia	Fruit & Nut Bars	15-Jun-22	$392 	102
Dennison Crosswaite	UK	Peanut Butter Cubes	7-Feb-22	"$8,925 "	158
Karlen McCaffrey	Australia	Almond Choco	8-Jul-22	"$7,294 "	128
Dennison Crosswaite	India	Milk Bars	21-Apr-22	"$1,526 "	96
Ches Bonnell	UK	Mint Chip Choco	8-Apr-22	"$2,688 "	209
Husein Augar	Australia	50% Dark Bites	19-Aug-22	"$14,889 "	52
Jan Morforth	India	Fruit & Nut Bars	4-May-22	"$2,912 "	55
Mallorie Waber	USA	85% Dark Bars	11-May-22	"$2,632 "	108
Mallorie Waber	USA	Eclairs	22-Mar-22	"$6,328 "	51
Dennison Crosswaite	Canada	Spicy Special Slims	10-Aug-22	"$2,527 "	216
Dennison Crosswaite	USA	Fruit & Nut Bars	4-May-22	"$1,414 "	318
Kelci Walkden	USA	99% Dark & Pure	18-Aug-22	"$7,714 "	238
Dotty Strutley	Canada	Raspberry Choco	3-Aug-22	"$4,347 "	238
Marney O'Breen	New Zealand	Milk Bars	14-Jan-22	"$7,490 "	315
Madelene Upcott	Australia	Choco Coated Almonds	8-Apr-22	"$2,058 "	72
Kelci Walkden	UK	Orange Choco	1-Aug-22	"$3,640 "	3
Dennison Crosswaite	Canada	Eclairs	15-Mar-22	$455 	45
Karlen McCaffrey	India	Mint Chip Choco	15-Jul-22	"$10,990 "	184
Barr Faughny	New Zealand	Almond Choco	13-Jan-22	"$5,558 "	127
Mallorie Waber	Australia	85% Dark Bars	26-Aug-22	"$2,541 "	53
Ches Bonnell	Canada	Eclairs	10-Jan-22	"$1,876 "	172
Gigi Bohling	Australia	White Choc	11-May-22	"$5,523 "	87
Beverie Moffet	New Zealand	85% Dark Bars	30-Aug-22	"$11,200 "	22
Kaine Padly	USA	Caramel Stuffed Bars	21-Jul-22	"$5,593 "	122
Mallorie Waber	Australia	Almond Choco	1-Aug-22	"$7,882 "	125
Brien Boise	Canada	85% Dark Bars	17-Feb-22	"$10,241 "	259
Brien Boise	Australia	Drinking Coco	27-Jul-22	"$6,832 "	156
Dotty Strutley	USA	Orange Choco	23-Feb-22	"$1,379 "	107
Rafaelita Blaksland	Australia	50% Dark Bites	22-Mar-22	"$3,010 "	40
Dennison Crosswaite	India	99% Dark & Pure	23-Jun-22	"$6,888 "	311
Curtice Advani	UK	White Choc	1-Feb-22	"$1,540 "	73
Kelci Walkden	Australia	After Nines	2-Mar-22	"$6,916 "	288
Gigi Bohling	UK	Fruit & Nut Bars	6-Apr-22	"$1,232 "	86
Gunar Cockshoot	Australia	Raspberry Choco	17-Mar-22	$602 	72
Curtice Advani	UK	Fruit & Nut Bars	24-Jun-22	"$10,927 "	136
Barr Faughny	Canada	50% Dark Bites	19-Jul-22	"$10,185 "	303
Curtice Advani	USA	Spicy Special Slims	11-Jul-22	"$1,603 "	264
Brien Boise	India	Almond Choco	13-Jan-22	"$2,170 "	218
Oby Sorrel	New Zealand	Smooth Sliky Salty	7-Jul-22	"$8,673 "	60
Jan Morforth	India	85% Dark Bars	25-May-22	"$4,760 "	418
Marney O'Breen	India	Fruit & Nut Bars	13-Apr-22	"$4,753 "	151
Andria Kimpton	New Zealand	50% Dark Bites	2-Mar-22	"$3,374 "	202
Gunar Cockshoot	Canada	Raspberry Choco	23-Jun-22	"$2,058 "	126
Kelci Walkden	USA	Drinking Coco	26-Jul-22	"$6,454 "	160
Van Tuxwell	Canada	White Choc	22-Mar-22	$420 	3
Rafaelita Blaksland	USA	Baker's Choco Chips	9-Jun-22	"$2,863 "	58
Van Tuxwell	Australia	Caramel Stuffed Bars	17-May-22	"$5,936 "	59
Ches Bonnell	New Zealand	Peanut Butter Cubes	4-Mar-22	$889 	273
Kelci Walkden	Canada	Milk Bars	7-Jul-22	"$16,016 "	28
Dennison Crosswaite	Canada	Choco Coated Almonds	13-Jan-22	"$10,479 "	118
Curtice Advani	Australia	Almond Choco	13-Jul-22	"$2,912 "	75
Madelene Upcott	Australia	85% Dark Bars	16-Jun-22	"$1,575 "	329
Gigi Bohling	UK	50% Dark Bites	18-Jul-22	"$8,197 "	69
Ches Bonnell	UK	Manuka Honey Choco	30-May-22	"$4,221 "	395
Gigi Bohling	UK	70% Dark Bites	21-Jun-22	$840 	81
Jehu Rudeforth	Australia	Peanut Butter Cubes	24-Jun-22	"$5,691 "	38
Marney O'Breen	India	Eclairs	13-Jan-22	"$3,472 "	96
Curtice Advani	Canada	Fruit & Nut Bars	4-Apr-22	"$4,193 "	195
Kaine Padly	UK	Smooth Sliky Salty	8-Jun-22	"$9,016 "	554
Karlen McCaffrey	Canada	Spicy Special Slims	2-Aug-22	"$6,328 "	47
Kelci Walkden	USA	Organic Choco Syrup	21-Jul-22	"$9,870 "	152
Curtice Advani	India	Spicy Special Slims	20-Jun-22	$161 	134
Roddy Speechley	India	After Nines	22-Jun-22	"$2,576 "	112
Camilla Castle	Australia	Caramel Stuffed Bars	2-May-22	"$3,178 "	16
Curtice Advani	Australia	99% Dark & Pure	7-Jan-22	"$4,676 "	84
Mallorie Waber	UK	50% Dark Bites	21-Feb-22	"$5,502 "	99
Ches Bonnell	Canada	Baker's Choco Chips	21-Mar-22	"$7,462 "	371
Van Tuxwell	UK	Drinking Coco	4-Apr-22	"$5,803 "	136
Gunar Cockshoot	Canada	Fruit & Nut Bars	24-Mar-22	"$13,888 "	203
Gunar Cockshoot	New Zealand	Spicy Special Slims	28-Jun-22	"$6,867 "	183
Gunar Cockshoot	Australia	Drinking Coco	14-Jan-22	"$2,317 "	195
Karlen McCaffrey	New Zealand	Fruit & Nut Bars	7-Feb-22	"$1,218 "	135
Dennison Crosswaite	New Zealand	Drinking Coco	11-Jan-22	"$4,109 "	197
Jehu Rudeforth	India	99% Dark & Pure	25-Feb-22	"$1,953 "	242
Dotty Strutley	Australia	Mint Chip Choco	1-Aug-22	"$6,790 "	25
Roddy Speechley	Australia	Mint Chip Choco	5-May-22	"$6,797 "	252
Madelene Upcott	New Zealand	Raspberry Choco	18-May-22	"$9,226 "	415
Dotty Strutley	New Zealand	Choco Coated Almonds	4-Jan-22	"$5,733 "	348
Roddy Speechley	New Zealand	50% Dark Bites	9-May-22	"$4,312 "	211
Rafaelita Blaksland	India	Smooth Sliky Salty	6-May-22	"$1,638 "	81
Husein Augar	UK	White Choc	13-Jan-22	"$10,815 "	145
Roddy Speechley	Australia	Almond Choco	24-Jun-22	"$4,466 "	74
Van Tuxwell	USA	Caramel Stuffed Bars	14-Feb-22	$987 	21
Camilla Castle	Australia	99% Dark & Pure	18-Jan-22	"$4,669 "	101
Kaine Padly	India	Milk Bars	2-May-22	"$2,905 "	91
Ches Bonnell	Australia	Smooth Sliky Salty	16-May-22	"$7,490 "	54
Mallorie Waber	USA	Almond Choco	28-Jan-22	"$6,986 "	368
Kaine Padly	Canada	99% Dark & Pure	24-Jun-22	"$1,288 "	409
Oby Sorrel	UK	After Nines	18-Jul-22	"$2,345 "	104
Gunar Cockshoot	UK	Eclairs	13-Apr-22	"$3,619 "	164
Dotty Strutley	USA	Caramel Stuffed Bars	15-Apr-22	"$16,982 "	76
Jan Morforth	India	Peanut Butter Cubes	4-Jan-22	"$8,092 "	178
Husein Augar	Australia	Eclairs	4-Jul-22	"$6,993 "	31
Beverie Moffet	USA	Smooth Sliky Salty	24-Mar-22	"$2,317 "	352
Camilla Castle	Australia	Manuka Honey Choco	17-Mar-22	$637 	169
Oby Sorrel	Australia	Almond Choco	15-Feb-22	"$6,034 "	223
Jan Morforth	USA	Orange Choco	29-Jun-22	$980 	146
Gigi Bohling	USA	Fruit & Nut Bars	24-May-22	"$2,821 "	112
Mallorie Waber	UK	Milk Bars	10-Jan-22	"$3,563 "	284
Curtice Advani	USA	Raspberry Choco	15-Mar-22	"$2,996 "	139
Marney O'Breen	Canada	Milk Bars	8-Feb-22	"$2,436 "	309
Brien Boise	India	Caramel Stuffed Bars	25-Feb-22	"$1,540 "	100
Gunar Cockshoot	USA	Eclairs	3-May-22	"$6,916 "	42
Roddy Speechley	USA	Fruit & Nut Bars	14-Jun-22	"$5,509 "	24
Gunar Cockshoot	India	50% Dark Bites	9-Aug-22	"$12,992 "	83
Wilone O'Kielt	New Zealand	Manuka Honey Choco	11-Jul-22	"$3,724 "	234
Kaine Padly	UK	Manuka Honey Choco	14-Jan-22	"$7,133 "	118
Van Tuxwell	Canada	Manuka Honey Choco	24-Feb-22	"$8,617 "	46
Wilone O'Kielt	New Zealand	Almond Choco	15-Mar-22	"$9,198 "	144
Oby Sorrel	New Zealand	Baker's Choco Chips	25-Apr-22	"$11,823 "	47
Dennison Crosswaite	Australia	Organic Choco Syrup	10-May-22	"$5,775 "	41
Marney O'Breen	Australia	Spicy Special Slims	23-Jun-22	"$13,125 "	275
Beverie Moffet	Canada	Smooth Sliky Salty	28-Feb-22	"$14,287 "	370
Brien Boise	USA	Organic Choco Syrup	25-May-22	"$16,233 "	138
Roddy Speechley	New Zealand	Baker's Choco Chips	22-Feb-22	"$5,313 "	215
Van Tuxwell	UK	85% Dark Bars	11-Jul-22	"$3,577 "	134
Marney O'Breen	Canada	Spicy Special Slims	3-Jan-22	"$3,528 "	336
Rafaelita Blaksland	New Zealand	70% Dark Bites	24-Aug-22	$679 	280
Beverie Moffet	USA	50% Dark Bites	28-Jul-22	"$2,450 "	352
Brien Boise	USA	Mint Chip Choco	25-May-22	"$10,577 "	150
Karlen McCaffrey	New Zealand	Eclairs	6-May-22	"$2,597 "	177
Barr Faughny	India	Drinking Coco	28-Jan-22	"$2,219 "	142
Marney O'Breen	UK	Orange Choco	6-Jun-22	"$11,319 "	12
Brien Boise	New Zealand	Baker's Choco Chips	12-Jul-22	"$5,978 "	24
Ches Bonnell	Canada	Spicy Special Slims	5-Aug-22	"$5,327 "	183
Brien Boise	USA	Orange Choco	28-Jan-22	"$6,020 "	147
Kaine Padly	India	Spicy Special Slims	31-Aug-22	"$5,614 "	137
Mallorie Waber	USA	50% Dark Bites	19-Apr-22	"$1,736 "	13
Mallorie Waber	UK	Mint Chip Choco	29-Jun-22	"$6,384 "	2
Beverie Moffet	India	Choco Coated Almonds	24-Feb-22	"$3,577 "	261
Madelene Upcott	UK	Smooth Sliky Salty	4-Mar-22	"$14,539 "	84
Gigi Bohling	India	Eclairs	21-Jun-22	"$3,493 "	68
Rafaelita Blaksland	Australia	Organic Choco Syrup	26-Jan-22	$994 	105
Oby Sorrel	New Zealand	White Choc	10-Jun-22	"$4,361 "	40
Andria Kimpton	UK	Drinking Coco	23-May-22	"$1,554 "	65
Kelci Walkden	India	Milk Bars	15-Apr-22	$966 	107
Karlen McCaffrey	New Zealand	Caramel Stuffed Bars	31-Jan-22	"$5,334 "	227
Andria Kimpton	New Zealand	Organic Choco Syrup	4-Mar-22	"$4,935 "	39
Barr Faughny	New Zealand	After Nines	19-Apr-22	"$10,024 "	84
Beverie Moffet	UK	Almond Choco	16-May-22	"$2,506 "	100
Oby Sorrel	Australia	Raspberry Choco	17-Feb-22	"$1,043 "	120
Dennison Crosswaite	USA	Raspberry Choco	18-Jan-22	"$6,524 "	257
Roddy Speechley	Canada	Orange Choco	9-Feb-22	"$8,148 "	85
Mallorie Waber	Canada	Orange Choco	23-Mar-22	"$3,577 "	178
Madelene Upcott	New Zealand	Caramel Stuffed Bars	1-Feb-22	"$3,374 "	151
Mallorie Waber	India	Drinking Coco	7-Mar-22	"$3,948 "	142
Ches Bonnell	UK	White Choc	3-Jan-22	"$3,269 "	226
Ches Bonnell	USA	White Choc	11-Feb-22	"$5,271 "	341
Dennison Crosswaite	New Zealand	Orange Choco	16-Mar-22	"$4,571 "	140
Dotty Strutley	India	White Choc	15-Aug-22	"$12,327 "	330
Gigi Bohling	India	Manuka Honey Choco	12-May-22	"$4,935 "	73
Van Tuxwell	India	Spicy Special Slims	11-Apr-22	"$6,167 "	4
Jan Morforth	New Zealand	Mint Chip Choco	30-Jun-22	"$18,340 "	285
Dotty Strutley	New Zealand	White Choc	15-Jun-22	"$7,014 "	60
Rafaelita Blaksland	Canada	Caramel Stuffed Bars	1-Aug-22	"$7,119 "	101
Kaine Padly	USA	Milk Bars	15-Jun-22	"$15,491 "	58
Brien Boise	India	After Nines	16-Jun-22	"$5,747 "	45
Oby Sorrel	New Zealand	Raspberry Choco	13-May-22	"$4,550 "	281
Dennison Crosswaite	USA	Drinking Coco	10-May-22	"$2,191 "	138
Oby Sorrel	India	Eclairs	25-Aug-22	"$5,663 "	322
Ches Bonnell	New Zealand	Organic Choco Syrup	15-Jul-22	"$7,623 "	85
Gigi Bohling	UK	Baker's Choco Chips	16-May-22	"$9,023 "	409
Jan Morforth	Australia	50% Dark Bites	14-Jun-22	"$3,402 "	182
Beverie Moffet	Australia	Smooth Sliky Salty	25-Jan-22	"$10,507 "	467
Ches Bonnell	USA	Organic Choco Syrup	28-Jul-22	"$7,721 "	14
Brien Boise	Canada	Mint Chip Choco	28-Jan-22	"$5,033 "	178
Kaine Padly	UK	Orange Choco	29-Jun-22	"$1,960 "	191
Karlen McCaffrey	Australia	70% Dark Bites	24-Jun-22	$238 	317
Gunar Cockshoot	Canada	Mint Chip Choco	1-Jul-22	"$7,756 "	410
Roddy Speechley	USA	Peanut Butter Cubes	25-Feb-22	"$1,736 "	137
Curtice Advani	Canada	Smooth Sliky Salty	1-Aug-22	"$2,660 "	12
Oby Sorrel	Australia	Milk Bars	21-Jun-22	"$7,672 "	254
Camilla Castle	New Zealand	Spicy Special Slims	25-Jan-22	"$11,564 "	24
Gigi Bohling	UK	Milk Bars	17-May-22	"$1,365 "	232
Andria Kimpton	Australia	85% Dark Bars	23-Aug-22	"$4,186 "	233
Camilla Castle	Australia	Smooth Sliky Salty	3-Mar-22	"$7,406 "	118
Roddy Speechley	India	Caramel Stuffed Bars	30-May-22	"$8,911 "	543
Karlen McCaffrey	USA	Drinking Coco	29-Jun-22	$112 	223
Andria Kimpton	Canada	Organic Choco Syrup	4-Jan-22	"$8,204 "	204
Jehu Rudeforth	Australia	Drinking Coco	14-Jan-22	"$2,611 "	65
Karlen McCaffrey	USA	Mint Chip Choco	15-Feb-22	"$15,652 "	53
Curtice Advani	New Zealand	Spicy Special Slims	10-Jan-22	"$4,074 "	469
Madelene Upcott	USA	White Choc	4-May-22	"$12,250 "	213
Andria Kimpton	USA	Spicy Special Slims	23-May-22	"$2,366 "	5
Barr Faughny	New Zealand	Fruit & Nut Bars	26-Apr-22	"$1,687 "	147
Oby Sorrel	Canada	Organic Choco Syrup	5-Jul-22	"$1,232 "	74
Madelene Upcott	UK	Organic Choco Syrup	21-Jul-22	"$6,965 "	163
Dotty Strutley	USA	Mint Chip Choco	21-Feb-22	"$5,292 "	248
Kelci Walkden	USA	Orange Choco	3-Feb-22	"$1,379 "	138
Gigi Bohling	Australia	Caramel Stuffed Bars	8-Jul-22	"$8,001 "	151
Mallorie Waber	India	50% Dark Bites	31-May-22	$588 	139
Van Tuxwell	New Zealand	Mint Chip Choco	27-Jun-22	"$4,046 "	103
Van Tuxwell	India	50% Dark Bites	13-May-22	"$5,103 "	129
Van Tuxwell	USA	Manuka Honey Choco	31-May-22	"$2,317 "	102
Wilone O'Kielt	USA	Orange Choco	28-Feb-22	"$7,042 "	37
Barr Faughny	New Zealand	Eclairs	28-Mar-22	"$6,713 "	31
Gigi Bohling	USA	After Nines	14-Jan-22	"$1,848 "	227
Barr Faughny	New Zealand	Mint Chip Choco	21-Feb-22	"$6,440 "	145
Dennison Crosswaite	Canada	85% Dark Bars	1-Aug-22	"$10,885 "	90
Beverie Moffet	New Zealand	Smooth Sliky Salty	19-May-22	"$2,387 "	59
Husein Augar	USA	White Choc	13-Jul-22	"$2,030 "	60
Andria Kimpton	Australia	Peanut Butter Cubes	20-Apr-22	"$6,678 "	148
Dennison Crosswaite	India	85% Dark Bars	30-Jun-22	"$4,515 "	22
Curtice Advani	UK	50% Dark Bites	8-Mar-22	"$3,374 "	142
Gunar Cockshoot	USA	Fruit & Nut Bars	9-Mar-22	"$5,852 "	93
Oby Sorrel	Canada	Raspberry Choco	16-Jun-22	"$1,750 "	208
Gigi Bohling	UK	Drinking Coco	30-Jun-22	"$5,782 "	42
Kelci Walkden	India	Mint Chip Choco	28-Jul-22	"$2,870 "	120
Karlen McCaffrey	Canada	Peanut Butter Cubes	12-Aug-22	"$3,094 "	159
Barr Faughny	UK	Mint Chip Choco	7-Jul-22	"$3,724 "	316
Barr Faughny	USA	85% Dark Bars	25-Aug-22	"$12,761 "	47
Husein Augar	Canada	Eclairs	17-Jan-22	"$3,696 "	233
Jan Morforth	Australia	70% Dark Bites	4-Mar-22	"$5,222 "	384
Marney O'Breen	New Zealand	Fruit & Nut Bars	25-Aug-22	"$8,939 "	4
Ches Bonnell	UK	Peanut Butter Cubes	15-Apr-22	"$2,156 "	260
Kaine Padly	USA	Organic Choco Syrup	11-Mar-22	"$2,380 "	22
Camilla Castle	USA	Raspberry Choco	20-May-22	"$3,339 "	18
Brien Boise	New Zealand	Manuka Honey Choco	14-Jun-22	"$14,980 "	42
Jehu Rudeforth	New Zealand	After Nines	14-Apr-22	"$1,512 "	73
Jehu Rudeforth	USA	Smooth Sliky Salty	7-Jul-22	"$6,657 "	154
Madelene Upcott	India	Mint Chip Choco	24-Aug-22	"$3,836 "	71
Jehu Rudeforth	India	Eclairs	24-Feb-22	"$8,771 "	127
Karlen McCaffrey	Canada	Raspberry Choco	9-May-22	$651 	224
Kaine Padly	Australia	70% Dark Bites	8-Feb-22	"$6,706 "	223
Roddy Speechley	UK	70% Dark Bites	24-Mar-22	"$1,421 "	284
Rafaelita Blaksland	USA	Drinking Coco	20-Jun-22	"$8,526 "	73
Mallorie Waber	Canada	Manuka Honey Choco	7-Mar-22	"$1,435 "	112
Kaine Padly	Australia	Fruit & Nut Bars	20-Jun-22	"$7,434 "	85
Oby Sorrel	New Zealand	Organic Choco Syrup	17-Feb-22	"$15,316 "	270
Madelene Upcott	UK	99% Dark & Pure	26-Jan-22	"$10,479 "	45
Madelene Upcott	Australia	Mint Chip Choco	2-May-22	"$2,751 "	153
Curtice Advani	Canada	99% Dark & Pure	7-Jul-22	"$12,586 "	7
Rafaelita Blaksland	Australia	Baker's Choco Chips	22-Aug-22	"$2,786 "	51
Karlen McCaffrey	Australia	After Nines	11-Aug-22	"$2,303 "	67
Marney O'Breen	UK	99% Dark & Pure	13-Jan-22	"$8,113 "	194
Gunar Cockshoot	Australia	50% Dark Bites	2-Mar-22	"$12,271 "	116
Marney O'Breen	Australia	Choco Coated Almonds	27-Jul-22	"$11,298 "	41
Kelci Walkden	New Zealand	Drinking Coco	10-Mar-22	"$15,855 "	111
Beverie Moffet	USA	85% Dark Bars	23-Aug-22	"$12,404 "	334
Roddy Speechley	USA	Eclairs	25-Apr-22	"$3,990 "	155
Dennison Crosswaite	UK	Milk Bars	7-Mar-22	"$10,808 "	407
Wilone O'Kielt	UK	Organic Choco Syrup	12-Jul-22	"$4,858 "	52
Madelene Upcott	USA	Orange Choco	16-May-22	"$7,742 "	138
Gunar Cockshoot	India	Smooth Sliky Salty	2-Mar-22	"$3,752 "	70
Marney O'Breen	New Zealand	85% Dark Bars	30-May-22	"$1,218 "	149
Marney O'Breen	UK	Manuka Honey Choco	10-Jun-22	"$10,983 "	179
Brien Boise	USA	99% Dark & Pure	25-Jul-22	"$6,769 "	353
Beverie Moffet	New Zealand	Mint Chip Choco	9-Jun-22	"$4,361 "	97
Dennison Crosswaite	USA	Milk Bars	12-May-22	$777 	60
Gunar Cockshoot	USA	Drinking Coco	9-May-22	"$3,843 "	5
Brien Boise	Canada	Manuka Honey Choco	9-Aug-22	"$6,930 "	182
Van Tuxwell	India	Choco Coated Almonds	13-Apr-22	"$5,733 "	114
Andria Kimpton	USA	Caramel Stuffed Bars	2-May-22	"$8,393 "	46
Dotty Strutley	USA	99% Dark & Pure	9-Aug-22	"$3,822 "	320
Camilla Castle	Australia	Raspberry Choco	23-Aug-22	"$6,342 "	178
Gunar Cockshoot	India	Spicy Special Slims	13-May-22	"$6,510 "	170
Karlen McCaffrey	USA	Manuka Honey Choco	1-Feb-22	"$10,171 "	67
Camilla Castle	USA	50% Dark Bites	23-Jun-22	"$5,908 "	301
Madelene Upcott	UK	Choco Coated Almonds	24-May-22	"$10,164 "	134
Jan Morforth	Canada	Mint Chip Choco	1-Apr-22	"$1,064 "	211
Camilla Castle	Canada	70% Dark Bites	27-Jul-22	"$9,716 "	151
Ches Bonnell	India	Peanut Butter Cubes	27-Jan-22	"$22,050 "	208
Jan Morforth	India	Choco Coated Almonds	12-Aug-22	"$2,541 "	134
Gigi Bohling	Canada	Almond Choco	1-Feb-22	"$9,989 "	49
Rafaelita Blaksland	India	After Nines	2-Mar-22	"$4,739 "	204
Kelci Walkden	Australia	99% Dark & Pure	30-Jun-22	"$3,185 "	34
Dotty Strutley	Australia	Spicy Special Slims	17-Jan-22	"$8,225 "	91
Brien Boise	USA	Milk Bars	7-Jul-22	"$14,301 "	130
Mallorie Waber	New Zealand	Mint Chip Choco	31-Jan-22	"$1,316 "	107
Beverie Moffet	UK	99% Dark & Pure	10-Aug-22	"$3,486 "	121
Beverie Moffet	USA	Peanut Butter Cubes	18-Aug-22	"$13,930 "	339
Brien Boise	New Zealand	White Choc	15-Jun-22	"$5,509 "	321
Marney O'Breen	USA	Baker's Choco Chips	26-Jan-22	"$8,470 "	9
Kelci Walkden	USA	Spicy Special Slims	29-Apr-22	$77 	69
Mallorie Waber	Canada	White Choc	3-Mar-22	"$3,381 "	72
Kaine Padly	Australia	Almond Choco	22-Feb-22	"$4,102 "	392
Oby Sorrel	USA	Smooth Sliky Salty	4-Mar-22	"$3,577 "	158
Dennison Crosswaite	India	Smooth Sliky Salty	7-Jul-22	"$2,975 "	9
Camilla Castle	New Zealand	Caramel Stuffed Bars	17-Jun-22	"$4,137 "	347
Jan Morforth	Canada	Caramel Stuffed Bars	2-Aug-22	"$9,541 "	114
Oby Sorrel	USA	Baker's Choco Chips	12-Aug-22	"$8,001 "	120
Madelene Upcott	New Zealand	Peanut Butter Cubes	28-Jan-22	"$5,152 "	333
Kelci Walkden	Australia	Orange Choco	29-Apr-22	"$11,116 "	432
Marney O'Breen	Australia	Manuka Honey Choco	5-Apr-22	"$13,076 "	236
Kaine Padly	Canada	Manuka Honey Choco	18-Jan-22	"$10,213 "	135
Jehu Rudeforth	UK	Baker's Choco Chips	16-May-22	"$2,485 "	97
Kelci Walkden	Australia	White Choc	24-Aug-22	"$8,715 "	168
Curtice Advani	India	85% Dark Bars	18-Jan-22	$273 	402
Kaine Padly	USA	Eclairs	22-Aug-22	"$7,623 "	10
Gunar Cockshoot	UK	99% Dark & Pure	7-Mar-22	$7 	84
Beverie Moffet	UK	Choco Coated Almonds	4-Mar-22	"$3,010 "	69
Dotty Strutley	Canada	Manuka Honey Choco	22-Apr-22	"$11,550 "	111
Kaine Padly	Australia	Milk Bars	9-Jun-22	"$4,046 "	89
Jan Morforth	Canada	Fruit & Nut Bars	25-Jul-22	"$8,904 "	199
Jan Morforth	India	Smooth Sliky Salty	3-Aug-22	"$11,298 "	89
Rafaelita Blaksland	Australia	Manuka Honey Choco	3-Aug-22	"$4,396 "	131
Jehu Rudeforth	UK	Milk Bars	3-May-22	"$12,068 "	227
Husein Augar	Canada	After Nines	19-Jan-22	"$9,772 "	301
Roddy Speechley	USA	50% Dark Bites	11-Feb-22	"$10,458 "	316
Van Tuxwell	India	Almond Choco	14-Jun-22	"$6,426 "	390
Kelci Walkden	USA	50% Dark Bites	23-Mar-22	"$6,188 "	223
Madelene Upcott	Canada	85% Dark Bars	17-Feb-22	"$7,504 "	101
Dennison Crosswaite	Canada	Smooth Sliky Salty	17-Mar-22	"$1,750 "	479
Mallorie Waber	Australia	Spicy Special Slims	29-Jun-22	"$5,439 "	287
Ches Bonnell	Canada	Choco Coated Almonds	24-Aug-22	"$15,547 "	269
Gigi Bohling	Canada	Spicy Special Slims	4-Jul-22	"$11,956 "	277
Roddy Speechley	New Zealand	Almond Choco	28-Mar-22	"$2,723 "	67
Curtice Advani	India	Smooth Sliky Salty	19-Apr-22	"$19,327 "	135
Ches Bonnell	New Zealand	Mint Chip Choco	18-Jan-22	"$9,058 "	229
Van Tuxwell	New Zealand	Fruit & Nut Bars	17-Jan-22	"$2,996 "	88
Andria Kimpton	New Zealand	Mint Chip Choco	15-Feb-22	"$8,848 "	211
Andria Kimpton	UK	Milk Bars	11-Feb-22	"$14,336 "	293
Camilla Castle	USA	Manuka Honey Choco	21-Mar-22	"$16,401 "	179
Gunar Cockshoot	New Zealand	Almond Choco	5-Jan-22	"$5,173 "	129
Brien Boise	India	Raspberry Choco	30-May-22	"$6,328 "	164
Jehu Rudeforth	USA	99% Dark & Pure	4-Jan-22	"$2,534 "	219
Beverie Moffet	Australia	Fruit & Nut Bars	22-Apr-22	"$1,435 "	258
Gigi Bohling	Canada	Milk Bars	10-Feb-22	"$3,052 "	116
Dotty Strutley	India	Spicy Special Slims	12-Aug-22	$910 	204
Gunar Cockshoot	USA	Organic Choco Syrup	10-Aug-22	"$2,331 "	321
Kelci Walkden	Australia	Raspberry Choco	7-Jun-22	$679 	56
Jehu Rudeforth	India	Baker's Choco Chips	6-Jun-22	"$2,086 "	74
Karlen McCaffrey	New Zealand	Baker's Choco Chips	5-Apr-22	"$5,012 "	189
Wilone O'Kielt	USA	50% Dark Bites	18-Apr-22	"$4,501 "	131
Andria Kimpton	India	50% Dark Bites	31-Jan-22	"$13,482 "	15
Madelene Upcott	USA	Baker's Choco Chips	22-Aug-22	"$5,621 "	140
Jehu Rudeforth	Australia	99% Dark & Pure	25-Feb-22	"$10,486 "	198
Jan Morforth	Australia	Mint Chip Choco	22-Feb-22	"$17,626 "	103
Oby Sorrel	New Zealand	Milk Bars	12-Jan-22	"$4,494 "	187
Brien Boise	UK	Almond Choco	25-May-22	$105 	125
Kelci Walkden	India	Smooth Sliky Salty	1-Feb-22	"$2,464 "	8
Rafaelita Blaksland	UK	Eclairs	27-Apr-22	"$1,379 "	70
Gigi Bohling	USA	Smooth Sliky Salty	22-Jul-22	"$2,583 "	126
Curtice Advani	New Zealand	Mint Chip Choco	26-Jan-22	"$3,220 "	265
Curtice Advani	USA	Mint Chip Choco	24-Aug-22	"$4,802 "	296
Madelene Upcott	New Zealand	Fruit & Nut Bars	18-Jan-22	"$5,677 "	21
Karlen McCaffrey	India	85% Dark Bars	30-Mar-22	$945 	83
Ches Bonnell	Australia	Caramel Stuffed Bars	17-Jan-22	"$8,757 "	162
Kelci Walkden	USA	Fruit & Nut Bars	17-Feb-22	"$4,816 "	145
Kelci Walkden	Canada	Peanut Butter Cubes	8-Apr-22	"$7,532 "	44
Gigi Bohling	Canada	Drinking Coco	6-Jul-22	"$3,549 "	82
Husein Augar	India	Fruit & Nut Bars	4-Apr-22	"$4,340 "	226
Jan Morforth	New Zealand	Organic Choco Syrup	2-Mar-22	"$1,799 "	207
Gigi Bohling	New Zealand	Raspberry Choco	9-Aug-22	"$1,127 "	176
Dennison Crosswaite	Australia	Milk Bars	9-Jun-22	"$10,038 "	286
Ches Bonnell	UK	Caramel Stuffed Bars	2-Jun-22	"$2,926 "	300
Van Tuxwell	USA	Fruit & Nut Bars	5-Jul-22	"$6,279 "	235
Andria Kimpton	Canada	Eclairs	11-Aug-22	$308 	125
Madelene Upcott	India	Choco Coated Almonds	11-Feb-22	"$3,500 "	145
Kelci Walkden	New Zealand	Spicy Special Slims	11-Aug-22	$658 	65
Roddy Speechley	Australia	Drinking Coco	12-May-22	"$12,565 "	102
Wilone O'Kielt	USA	Milk Bars	15-Jul-22	"$5,012 "	93
Andria Kimpton	India	Organic Choco Syrup	18-Jan-22	"$3,955 "	134
Madelene Upcott	UK	Fruit & Nut Bars	5-Jan-22	"$8,512 "	189
Curtice Advani	Australia	50% Dark Bites	29-Jun-22	$504 	232
Brien Boise	Canada	Raspberry Choco	14-Jun-22	"$2,800 "	45
Gunar Cockshoot	India	Mint Chip Choco	8-Aug-22	"$4,256 "	67
Dennison Crosswaite	India	Mint Chip Choco	23-Mar-22	"$13,573 "	138
Barr Faughny	India	Caramel Stuffed Bars	4-Jan-22	"$6,566 "	99
Brien Boise	India	Milk Bars	22-Feb-22	"$13,503 "	251
Beverie Moffet	UK	Spicy Special Slims	17-Feb-22	"$8,680 "	252
Barr Faughny	USA	Almond Choco	3-Feb-22	$385 	78
Van Tuxwell	Canada	Raspberry Choco	17-Mar-22	"$1,267 "	130
Wilone O'Kielt	Australia	Baker's Choco Chips	25-Jan-22	"$2,961 "	154
Brien Boise	Australia	Milk Bars	27-Jul-22	"$1,981 "	52
Husein Augar	Australia	Fruit & Nut Bars	28-Jan-22	"$7,959 "	53
Madelene Upcott	Australia	Organic Choco Syrup	5-Jul-22	"$10,794 "	50
Van Tuxwell	India	White Choc	15-Mar-22	"$1,897 "	44
Gunar Cockshoot	Canada	After Nines	4-Aug-22	"$2,744 "	200
Jan Morforth	USA	Fruit & Nut Bars	27-Jun-22	"$4,382 "	361
Jan Morforth	Canada	After Nines	13-Jul-22	"$4,515 "	172
Barr Faughny	New Zealand	Manuka Honey Choco	24-Feb-22	"$5,474 "	239
Karlen McCaffrey	New Zealand	85% Dark Bars	28-Jun-22	"$6,069 "	55
Oby Sorrel	Australia	85% Dark Bars	30-Jun-22	"$6,944 "	27
Curtice Advani	Canada	Choco Coated Almonds	18-Aug-22	"$5,859 "	7
Kaine Padly	India	70% Dark Bites	24-Jan-22	"$12,173 "	301
Beverie Moffet	USA	White Choc	11-Mar-22	"$5,292 "	134
Ches Bonnell	New Zealand	After Nines	23-Jun-22	"$5,705 "	350
Husein Augar	India	Spicy Special Slims	22-Aug-22	"$2,492 "	33
Gunar Cockshoot	Canada	50% Dark Bites	4-Jan-22	"$3,024 "	23
Curtice Advani	India	Milk Bars	5-Apr-22	"$3,437 "	201
Beverie Moffet	India	Milk Bars	15-Apr-22	"$1,869 "	323
Husein Augar	Australia	White Choc	11-May-22	"$3,171 "	220
Andria Kimpton	Canada	Manuka Honey Choco	21-Jul-22	"$4,858 "	488
Jan Morforth	New Zealand	Orange Choco	11-Feb-22	"$1,225 "	84
Andria Kimpton	Canada	Smooth Sliky Salty	8-Jul-22	"$1,155 "	79
Gunar Cockshoot	UK	Raspberry Choco	11-Aug-22	"$6,811 "	344
Husein Augar	New Zealand	After Nines	4-Aug-22	"$6,433 "	7
Andria Kimpton	New Zealand	Orange Choco	14-Jun-22	"$8,169 "	88
Dennison Crosswaite	UK	Baker's Choco Chips	17-Jan-22	"$2,275 "	275
Jehu Rudeforth	Canada	Orange Choco	23-Jun-22	"$3,857 "	512
Jehu Rudeforth	UK	Smooth Sliky Salty	24-Aug-22	"$1,463 "	113
Andria Kimpton	UK	Caramel Stuffed Bars	7-Jun-22	"$7,924 "	275
Jan Morforth	UK	White Choc	22-Jun-22	"$8,799 "	47
Dotty Strutley	USA	Fruit & Nut Bars	13-Jul-22	"$2,898 "	276
Kelci Walkden	UK	Choco Coated Almonds	24-May-22	"$9,506 "	212
Gunar Cockshoot	New Zealand	After Nines	9-Aug-22	"$7,175 "	145
Kaine Padly	Canada	85% Dark Bars	6-Apr-22	"$1,729 "	31
Jan Morforth	New Zealand	Manuka Honey Choco	28-Jul-22	"$1,589 "	271
Gunar Cockshoot	New Zealand	Raspberry Choco	24-Aug-22	$630 	52
Van Tuxwell	Australia	99% Dark & Pure	17-Jan-22	$112 	128
Curtice Advani	USA	Drinking Coco	7-Feb-22	"$5,187 "	142
Brien Boise	Australia	Spicy Special Slims	9-May-22	"$6,223 "	256
Mallorie Waber	New Zealand	85% Dark Bars	6-Jun-22	"$7,714 "	106
Wilone O'Kielt	USA	Choco Coated Almonds	6-Jun-22	"$9,457 "	6
Beverie Moffet	New Zealand	Organic Choco Syrup	24-May-22	"$6,678 "	226
Gunar Cockshoot	UK	50% Dark Bites	13-Jan-22	"$2,107 "	121
Marney O'Breen	USA	Raspberry Choco	23-May-22	"$6,069 "	151
Jehu Rudeforth	UK	White Choc	29-Jun-22	"$1,862 "	284
Jehu Rudeforth	New Zealand	85% Dark Bars	11-Mar-22	"$6,972 "	89
Dotty Strutley	USA	85% Dark Bars	25-Apr-22	"$10,220 "	508
Rafaelita Blaksland	Australia	Smooth Sliky Salty	30-May-22	"$3,969 "	243
Curtice Advani	India	Manuka Honey Choco	23-May-22	"$1,547 "	170
Mallorie Waber	USA	Peanut Butter Cubes	23-May-22	"$1,162 "	18
Van Tuxwell	Canada	Peanut Butter Cubes	24-Jun-22	"$6,342 "	282
Kelci Walkden	New Zealand	Smooth Sliky Salty	11-Mar-22	"$10,633 "	277
Rafaelita Blaksland	USA	Smooth Sliky Salty	27-Jul-22	"$15,057 "	212
Rafaelita Blaksland	USA	White Choc	16-Aug-22	"$4,704 "	126
Roddy Speechley	Canada	Smooth Sliky Salty	7-Mar-22	"$9,338 "	11
Curtice Advani	New Zealand	After Nines	5-Apr-22	"$7,959 "	30
Camilla Castle	India	85% Dark Bars	4-May-22	"$9,023 "	51
Ches Bonnell	USA	Choco Coated Almonds	4-Jan-22	"$14,525 "	92
Marney O'Breen	Australia	Baker's Choco Chips	13-Jan-22	"$5,810 "	101
Wilone O'Kielt	New Zealand	Fruit & Nut Bars	11-Jul-22	"$6,426 "	98
Kaine Padly	Australia	Mint Chip Choco	17-May-22	"$4,403 "	159
Camilla Castle	New Zealand	Peanut Butter Cubes	21-Jul-22	"$1,582 "	62
Curtice Advani	Canada	Organic Choco Syrup	22-Feb-22	$791 	22
Jan Morforth	India	99% Dark & Pure	23-May-22	"$9,100 "	187
Rafaelita Blaksland	Canada	Drinking Coco	12-Jul-22	"$9,884 "	200
Jan Morforth	UK	Orange Choco	15-Jun-22	"$3,780 "	201
Barr Faughny	New Zealand	50% Dark Bites	23-Jun-22	"$4,557 "	308
Curtice Advani	Australia	Eclairs	25-Mar-22	"$5,796 "	55
Jan Morforth	India	Caramel Stuffed Bars	4-Jul-22	$84 	153
Andria Kimpton	UK	White Choc	12-May-22	"$9,037 "	101
Camilla Castle	New Zealand	Raspberry Choco	4-Apr-22	"$4,746 "	137
Madelene Upcott	Australia	Orange Choco	15-Apr-22	"$6,713 "	398
Roddy Speechley	Canada	Eclairs	8-Mar-22	"$6,237 "	88
Karlen McCaffrey	India	White Choc	17-Jan-22	"$7,483 "	232
Wilone O'Kielt	India	Mint Chip Choco	22-Aug-22	"$1,309 "	51
Andria Kimpton	UK	99% Dark & Pure	25-Jul-22	"$1,155 "	66
Marney O'Breen	UK	50% Dark Bites	14-Jun-22	"$2,989 "	124
Ches Bonnell	India	Choco Coated Almonds	5-Apr-22	"$9,625 "	78
Madelene Upcott	UK	Raspberry Choco	26-Aug-22	"$7,357 "	341
Wilone O'Kielt	Australia	50% Dark Bites	3-Aug-22	"$10,031 "	114
Gigi Bohling	Canada	White Choc	11-Jul-22	"$6,587 "	4
Wilone O'Kielt	New Zealand	Eclairs	11-Mar-22	"$3,311 "	22
Brien Boise	UK	Peanut Butter Cubes	10-Jan-22	"$15,330 "	30
Roddy Speechley	UK	Baker's Choco Chips	4-Apr-22	"$14,028 "	351
Karlen McCaffrey	Australia	50% Dark Bites	17-Jan-22	"$6,678 "	708
Marney O'Breen	New Zealand	Organic Choco Syrup	8-Jul-22	"$8,624 "	50
Jan Morforth	UK	Organic Choco Syrup	12-Apr-22	"$1,197 "	356
Rafaelita Blaksland	Canada	Fruit & Nut Bars	24-Aug-22	$483 	185
Ches Bonnell	UK	Choco Coated Almonds	7-Jun-22	"$1,687 "	236
Gunar Cockshoot	Canada	Almond Choco	28-Jul-22	"$1,309 "	30
Husein Augar	USA	99% Dark & Pure	21-Feb-22	"$9,534 "	111
Dennison Crosswaite	Canada	Mint Chip Choco	8-Apr-22	"$1,694 "	289
Brien Boise	UK	Manuka Honey Choco	28-Jun-22	$70 	103
Van Tuxwell	UK	Baker's Choco Chips	24-Mar-22	"$2,443 "	20
Barr Faughny	Australia	Caramel Stuffed Bars	29-Jul-22	"$2,933 "	55
Dennison Crosswaite	USA	Eclairs	25-May-22	"$2,044 "	90
Gigi Bohling	Australia	Raspberry Choco	30-Mar-22	"$6,524 "	303
Dennison Crosswaite	USA	Organic Choco Syrup	18-Jul-22	"$12,656 "	126
Beverie Moffet	Canada	Orange Choco	10-May-22	"$8,722 "	109
Mallorie Waber	Australia	Choco Coated Almonds	18-Mar-22	"$15,750 "	92
Ches Bonnell	India	Caramel Stuffed Bars	15-Jun-22	"$6,839 "	56
Van Tuxwell	Canada	50% Dark Bites	12-May-22	"$13,685 "	58
Kelci Walkden	New Zealand	Baker's Choco Chips	23-Jun-22	"$2,912 "	110
Beverie Moffet	India	Spicy Special Slims	21-Apr-22	"$3,339 "	171
Gigi Bohling	Australia	Almond Choco	17-Aug-22	$910 	117
Rafaelita Blaksland	New Zealand	Eclairs	7-Feb-22	"$19,481 "	51
Kelci Walkden	Canada	Smooth Sliky Salty	17-Mar-22	"$8,099 "	118
Jan Morforth	India	Baker's Choco Chips	1-Aug-22	"$13,727 "	79
Jehu Rudeforth	Australia	Milk Bars	18-Mar-22	"$8,659 "	29
Gigi Bohling	Canada	Fruit & Nut Bars	14-Jun-22	"$5,782 "	103
Beverie Moffet	UK	Eclairs	22-Apr-22	"$8,463 "	155
Marney O'Breen	New Zealand	Eclairs	18-Jan-22	"$4,914 "	31
Husein Augar	Australia	99% Dark & Pure	26-Aug-22	"$3,087 "	128
Gunar Cockshoot	New Zealand	Fruit & Nut Bars	10-Jun-22	"$9,205 "	419
Curtice Advani	Canada	70% Dark Bites	31-Jan-22	"$2,303 "	7
Kelci Walkden	New Zealand	Manuka Honey Choco	8-Apr-22	"$1,358 "	106
Dotty Strutley	Australia	Baker's Choco Chips	7-Jun-22	"$3,605 "	68
Barr Faughny	Australia	85% Dark Bars	10-Feb-22	"$8,498 "	44
Beverie Moffet	Australia	50% Dark Bites	16-May-22	$700 	457
Gunar Cockshoot	India	Baker's Choco Chips	18-Mar-22	"$2,191 "	524
Van Tuxwell	Australia	50% Dark Bites	13-Jul-22	$644 	137
Oby Sorrel	USA	Manuka Honey Choco	25-Jul-22	"$4,340 "	86
Van Tuxwell	Canada	Choco Coated Almonds	19-Aug-22	"$2,282 "	296
Karlen McCaffrey	Canada	70% Dark Bites	24-Jun-22	"$7,714 "	597
Kelci Walkden	Canada	Fruit & Nut Bars	20-Jun-22	$826 	149
Camilla Castle	India	99% Dark & Pure	2-Aug-22	$203 	207
Madelene Upcott	New Zealand	70% Dark Bites	22-Feb-22	"$13,356 "	93
Mallorie Waber	New Zealand	Orange Choco	1-Feb-22	"$6,510 "	23
Jan Morforth	Canada	70% Dark Bites	14-Feb-22	"$5,894 "	305
Kelci Walkden	Australia	Milk Bars	24-Feb-22	"$7,910 "	125
Dennison Crosswaite	India	Orange Choco	18-Mar-22	$784 	129
Husein Augar	UK	Eclairs	30-Aug-22	"$1,750 "	252
Gigi Bohling	USA	Peanut Butter Cubes	9-May-22	$280 	75
Wilone O'Kielt	USA	Smooth Sliky Salty	18-Jan-22	$504 	87
Curtice Advani	India	White Choc	4-Jul-22	"$7,154 "	342
Oby Sorrel	New Zealand	Spicy Special Slims	3-Jun-22	"$1,617 "	13
Beverie Moffet	New Zealand	Peanut Butter Cubes	23-Feb-22	"$10,822 "	30
Dotty Strutley	New Zealand	99% Dark & Pure	9-May-22	"$10,724 "	203
Kelci Walkden	India	70% Dark Bites	6-Jun-22	"$3,640 "	106
Kelci Walkden	India	Drinking Coco	4-Jul-22	"$7,532 "	234
Brien Boise	New Zealand	Drinking Coco	6-Jun-22	"$1,582 "	100
Dotty Strutley	Australia	Almond Choco	13-May-22	"$1,456 "	91
Wilone O'Kielt	New Zealand	Organic Choco Syrup	31-Jan-22	"$2,016 "	277
Ches Bonnell	New Zealand	Caramel Stuffed Bars	30-Jun-22	"$7,588 "	42
Barr Faughny	Canada	Manuka Honey Choco	25-Aug-22	"$3,402 "	249
Gigi Bohling	New Zealand	Smooth Sliky Salty	10-Jan-22	$700 	97
Brien Boise	USA	Manuka Honey Choco	22-Aug-22	"$1,904 "	8
Roddy Speechley	New Zealand	85% Dark Bars	14-Apr-22	"$4,844 "	275
Oby Sorrel	UK	Smooth Sliky Salty	31-May-22	"$9,625 "	313
Oby Sorrel	UK	Raspberry Choco	8-Apr-22	"$4,599 "	323
Roddy Speechley	USA	Drinking Coco	21-Feb-22	"$3,003 "	155
Andria Kimpton	Australia	Manuka Honey Choco	30-Mar-22	"$9,744 "	377
Mallorie Waber	India	Raspberry Choco	2-Mar-22	"$1,400 "	2
Jehu Rudeforth	USA	Orange Choco	28-Jul-22	$364 	170
Kaine Padly	New Zealand	70% Dark Bites	24-Mar-22	"$7,231 "	38
Curtice Advani	Australia	After Nines	11-Aug-22	$63 	105
Husein Augar	UK	Almond Choco	17-May-22	"$8,309 "	166
Kaine Padly	Canada	Choco Coated Almonds	18-May-22	"$3,164 "	164
Roddy Speechley	UK	Peanut Butter Cubes	17-Aug-22	"$5,691 "	171
Ches Bonnell	New Zealand	Eclairs	4-Apr-22	$490 	49
Brien Boise	India	85% Dark Bars	9-Aug-22	"$18,032 "	205
Brien Boise	New Zealand	Organic Choco Syrup	17-Jan-22	$637 	313
Andria Kimpton	Canada	White Choc	14-Feb-22	"$4,067 "	29
Gigi Bohling	New Zealand	Orange Choco	16-May-22	"$8,204 "	307
Ches Bonnell	Canada	Smooth Sliky Salty	16-Mar-22	"$9,870 "	121
Husein Augar	Canada	70% Dark Bites	31-Jan-22	"$5,131 "	285
Barr Faughny	Canada	Organic Choco Syrup	10-Mar-22	"$1,141 "	205
Oby Sorrel	UK	Organic Choco Syrup	30-Jun-22	"$7,980 "	157
Van Tuxwell	New Zealand	Eclairs	1-Mar-22	"$5,229 "	182
Mallorie Waber	UK	Drinking Coco	27-May-22	"$3,423 "	100
Oby Sorrel	UK	Milk Bars	11-Jul-22	"$6,468 "	223
Karlen McCaffrey	New Zealand	Mint Chip Choco	2-Mar-22	"$4,326 "	61
Jehu Rudeforth	USA	Raspberry Choco	4-Mar-22	"$7,154 "	133
Kelci Walkden	UK	85% Dark Bars	23-Jun-22	"$3,997 "	228
Kelci Walkden	USA	Almond Choco	27-Jan-22	"$5,180 "	233
Marney O'Breen	Canada	Orange Choco	14-Jan-22	"$2,723 "	425
Dennison Crosswaite	India	Fruit & Nut Bars	29-Jul-22	$952 	24
Brien Boise	Canada	Smooth Sliky Salty	13-May-22	"$5,691 "	495
Barr Faughny	Canada	Baker's Choco Chips	3-Feb-22	"$10,969 "	170
Brien Boise	India	Smooth Sliky Salty	27-May-22	"$5,964 "	26
Jan Morforth	Australia	Drinking Coco	18-Feb-22	"$2,821 "	24
Brien Boise	India	Spicy Special Slims	28-Jan-22	"$1,302 "	33
Van Tuxwell	UK	Eclairs	29-Jun-22	"$5,474 "	109
Wilone O'Kielt	India	Caramel Stuffed Bars	13-Jan-22	"$4,179 "	276
Jehu Rudeforth	UK	After Nines	27-Jun-22	"$1,946 "	164
Barr Faughny	Canada	White Choc	29-Mar-22	"$4,291 "	1
Gunar Cockshoot	India	Organic Choco Syrup	3-Jun-22	"$7,196 "	160
Mallorie Waber	Canada	Smooth Sliky Salty	21-Mar-22	"$1,939 "	98
Mallorie Waber	India	Eclairs	12-Apr-22	"$10,437 "	46
Rafaelita Blaksland	Australia	Raspberry Choco	19-Jan-22	"$6,916 "	259
Karlen McCaffrey	UK	50% Dark Bites	6-Apr-22	"$3,647 "	310
Kaine Padly	Australia	50% Dark Bites	2-Aug-22	"$8,995 "	78
Gigi Bohling	Australia	Eclairs	12-Apr-22	"$7,252 "	136
Oby Sorrel	India	Drinking Coco	21-Jul-22	"$16,380 "	130
Van Tuxwell	New Zealand	Baker's Choco Chips	22-Mar-22	"$9,660 "	24
Husein Augar	India	Peanut Butter Cubes	9-May-22	"$4,522 "	5
Andria Kimpton	Australia	Baker's Choco Chips	9-Aug-22	$329 	109
Madelene Upcott	Canada	Choco Coated Almonds	20-Jul-22	"$3,458 "	294
Brien Boise	India	70% Dark Bites	14-Apr-22	"$4,641 "	413
Jehu Rudeforth	Canada	White Choc	25-Jan-22	"$4,627 "	136
Andria Kimpton	Australia	Almond Choco	25-Apr-22	"$3,192 "	175
Dotty Strutley	Canada	After Nines	17-Jan-22	$252 	237
Karlen McCaffrey	USA	Eclairs	15-Aug-22	$868 	125
Karlen McCaffrey	Canada	Fruit & Nut Bars	2-Jun-22	$210 	16
Gunar Cockshoot	USA	85% Dark Bars	30-Jun-22	"$7,007 "	135
Dotty Strutley	New Zealand	Raspberry Choco	10-Feb-22	"$5,845 "	91
Marney O'Breen	Canada	Caramel Stuffed Bars	23-Feb-22	"$1,372 "	614
Dennison Crosswaite	India	Organic Choco Syrup	27-Jan-22	"$8,428 "	216
Camilla Castle	UK	Mint Chip Choco	26-May-22	"$4,977 "	317
Brien Boise	USA	70% Dark Bites	14-Apr-22	"$1,694 "	21
Madelene Upcott	Australia	99% Dark & Pure	1-Aug-22	"$4,326 "	154
Mallorie Waber	Australia	Eclairs	22-Aug-22	"$9,527 "	222
Marney O'Breen	India	99% Dark & Pure	22-Jul-22	"$10,766 "	157
Husein Augar	USA	Fruit & Nut Bars	28-Apr-22	"$1,288 "	27
Kelci Walkden	Australia	Almond Choco	30-May-22	"$4,879 "	350
Ches Bonnell	USA	Milk Bars	21-Jul-22	"$2,408 "	157
Jan Morforth	UK	Caramel Stuffed Bars	2-Aug-22	"$3,094 "	468
Brien Boise	New Zealand	70% Dark Bites	15-Jun-22	"$7,231 "	130
Oby Sorrel	India	85% Dark Bars	5-Jul-22	"$8,981 "	130
Kaine Padly	New Zealand	Smooth Sliky Salty	12-Apr-22	$7 	518
Gigi Bohling	Australia	70% Dark Bites	18-Aug-22	"$1,372 "	105
Jan Morforth	UK	50% Dark Bites	12-Jan-22	"$5,250 "	293
Gunar Cockshoot	Canada	White Choc	11-Aug-22	"$7,560 "	15
Jehu Rudeforth	Australia	Spicy Special Slims	13-Jan-22	"$5,012 "	384
Husein Augar	UK	Baker's Choco Chips	29-Apr-22	"$3,038 "	135
Rafaelita Blaksland	New Zealand	After Nines	7-Jul-22	"$1,099 "	92
Madelene Upcott	New Zealand	Mint Chip Choco	11-Mar-22	"$7,413 "	4
Madelene Upcott	UK	70% Dark Bites	16-Feb-22	"$5,397 "	239
Barr Faughny	Australia	Organic Choco Syrup	7-Jan-22	"$2,303 "	33
Beverie Moffet	New Zealand	Drinking Coco	12-Jan-22	"$1,141 "	518
Beverie Moffet	India	Eclairs	9-Jun-22	"$10,325 "	147
Andria Kimpton	India	Eclairs	16-May-22	"$2,149 "	84
Gigi Bohling	UK	85% Dark Bars	23-Jun-22	"$12,362 "	94
Roddy Speechley	UK	Raspberry Choco	28-Jan-22	"$12,635 "	194
Dotty Strutley	UK	Mint Chip Choco	14-Jul-22	"$2,443 "	216
Barr Faughny	Canada	Drinking Coco	18-Apr-22	"$6,237 "	247
Oby Sorrel	USA	Milk Bars	14-Jun-22	"$1,736 "	79
Oby Sorrel	UK	Orange Choco	15-Apr-22	"$7,315 "	237
Curtice Advani	Canada	Peanut Butter Cubes	19-May-22	"$4,935 "	63
Gigi Bohling	India	White Choc	13-Apr-22	"$1,393 "	172
Husein Augar	Canada	Choco Coated Almonds	15-Aug-22	"$3,381 "	408
Wilone O'Kielt	India	Choco Coated Almonds	22-Aug-22	"$2,933 "	233
Wilone O'Kielt	New Zealand	Baker's Choco Chips	22-Apr-22	"$3,836 "	59
Kaine Padly	UK	Choco Coated Almonds	3-Aug-22	"$8,022 "	123
Dennison Crosswaite	New Zealand	Organic Choco Syrup	4-Jan-22	$371 	229
Kelci Walkden	Canada	After Nines	13-Jan-22	"$16,702 "	198
Van Tuxwell	Australia	Baker's Choco Chips	11-May-22	"$13,258 "	32
Husein Augar	New Zealand	Peanut Butter Cubes	16-Feb-22	"$2,058 "	236
Kaine Padly	UK	Caramel Stuffed Bars	20-May-22	"$10,192 "	67
Jehu Rudeforth	UK	Drinking Coco	3-Feb-22	"$7,140 "	438
Beverie Moffet	India	Manuka Honey Choco	6-May-22	"$9,835 "	167
Gunar Cockshoot	UK	Choco Coated Almonds	30-Jun-22	"$5,775 "	135
Gunar Cockshoot	UK	Smooth Sliky Salty	22-Mar-22	$749 	148
Camilla Castle	Canada	Orange Choco	17-Feb-22	"$7,770 "	54
Jehu Rudeforth	UK	85% Dark Bars	7-Jul-22	"$5,502 "	64
Oby Sorrel	UK	70% Dark Bites	16-Mar-22	"$6,223 "	181
Kelci Walkden	UK	99% Dark & Pure	12-Aug-22	"$3,507 "	114
Gigi Bohling	New Zealand	After Nines	21-Jan-22	"$5,600 "	181
Oby Sorrel	Australia	50% Dark Bites	6-May-22	$721 	151
Oby Sorrel	Canada	50% Dark Bites	24-Jun-22	"$6,615 "	137
Barr Faughny	USA	White Choc	5-May-22	"$7,420 "	163
Rafaelita Blaksland	New Zealand	99% Dark & Pure	25-Mar-22	"$3,164 "	84
Curtice Advani	Australia	Caramel Stuffed Bars	14-Feb-22	"$9,114 "	140
Curtice Advani	New Zealand	85% Dark Bars	12-May-22	"$5,404 "	187
Barr Faughny	New Zealand	Smooth Sliky Salty	25-Jan-22	"$3,990 "	169
Ches Bonnell	UK	85% Dark Bars	28-Jun-22	"$14,924 "	12
Dennison Crosswaite	Australia	Drinking Coco	13-Jul-22	"$7,091 "	194
Roddy Speechley	USA	Milk Bars	16-May-22	"$2,807 "	252
Jan Morforth	India	After Nines	14-Mar-22	"$6,496 "	168
Gunar Cockshoot	USA	After Nines	15-Aug-22	"$3,738 "	261
Ches Bonnell	India	Orange Choco	16-Feb-22	"$1,190 "	256
Mallorie Waber	UK	Manuka Honey Choco	15-Jun-22	"$8,379 "	43
Barr Faughny	Australia	Raspberry Choco	27-May-22	"$9,268 "	100
Wilone O'Kielt	USA	Drinking Coco	14-Jun-22	"$1,029 "	98
Wilone O'Kielt	India	Eclairs	25-Feb-22	"$3,549 "	76
Wilone O'Kielt	India	After Nines	4-Aug-22	"$12,026 "	262
Kelci Walkden	India	99% Dark & Pure	28-Jun-22	"$2,303 "	244
Gunar Cockshoot	Canada	Spicy Special Slims	5-Apr-22	"$13,405 "	12
Madelene Upcott	Canada	Peanut Butter Cubes	5-Jul-22	"$14,763 "	113
Kaine Padly	New Zealand	Eclairs	20-Jan-22	"$12,894 "	48
Ches Bonnell	New Zealand	Drinking Coco	16-Feb-22	"$8,302 "	131
Curtice Advani	UK	Drinking Coco	12-Jul-22	$455 	174
Kelci Walkden	India	Raspberry Choco	16-Jun-22	"$8,183 "	254
Dotty Strutley	Australia	Choco Coated Almonds	13-Apr-22	"$1,645 "	284
Kaine Padly	UK	50% Dark Bites	21-Feb-22	"$3,143 "	67
Roddy Speechley	Canada	Choco Coated Almonds	11-May-22	"$5,873 "	249
Ches Bonnell	India	50% Dark Bites	15-Apr-22	"$11,298 "	313
Oby Sorrel	Canada	Peanut Butter Cubes	7-Jun-22	"$12,425 "	167
Oby Sorrel	UK	White Choc	27-Jun-22	"$1,715 "	286
Barr Faughny	India	After Nines	29-Jul-22	"$8,190 "	109
Wilone O'Kielt	Canada	Smooth Sliky Salty	2-Jun-22	"$4,991 "	166
Rafaelita Blaksland	India	Mint Chip Choco	26-Jan-22	"$15,491 "	85
Rafaelita Blaksland	Canada	99% Dark & Pure	2-Mar-22	"$5,096 "	142
Van Tuxwell	Australia	70% Dark Bites	10-Jan-22	"$7,063 "	104
Beverie Moffet	USA	70% Dark Bites	27-Jun-22	"$2,275 "	115
Barr Faughny	Canada	Orange Choco	30-Jun-22	"$7,602 "	18
Roddy Speechley	Australia	85% Dark Bars	8-Jul-22	"$4,200 "	80
Oby Sorrel	India	Spicy Special Slims	8-Jun-22	"$11,137 "	88
Jan Morforth	UK	Manuka Honey Choco	18-Aug-22	"$3,388 "	212
Kaine Padly	Australia	After Nines	8-Apr-22	"$6,832 "	306
Wilone O'Kielt	Canada	Fruit & Nut Bars	8-Aug-22	"$3,437 "	181
Wilone O'Kielt	UK	Milk Bars	26-Aug-22	$301 	65
Oby Sorrel	Canada	Fruit & Nut Bars	14-Jan-22	"$1,869 "	158
Dennison Crosswaite	USA	Baker's Choco Chips	11-Aug-22	"$17,465 "	271
Madelene Upcott	USA	Almond Choco	31-May-22	"$10,143 "	24
Van Tuxwell	New Zealand	50% Dark Bites	11-Jul-22	"$3,626 "	10
Karlen McCaffrey	Canada	Caramel Stuffed Bars	2-Mar-22	"$3,346 "	304
Madelene Upcott	Australia	Raspberry Choco	13-Jul-22	"$6,321 "	88
Rafaelita Blaksland	UK	Spicy Special Slims	3-Aug-22	"$9,345 "	133
Curtice Advani	UK	Peanut Butter Cubes	1-Mar-22	"$15,008 "	165
Kelci Walkden	New Zealand	White Choc	13-Apr-22	"$7,609 "	150
Beverie Moffet	Canada	Fruit & Nut Bars	14-Feb-22	"$10,332 "	180
Mallorie Waber	India	White Choc	26-Jul-22	$819 	213
Brien Boise	UK	Drinking Coco	27-Jan-22	"$5,754 "	133
Jehu Rudeforth	India	Peanut Butter Cubes	14-Apr-22	$28 	446
Oby Sorrel	USA	Almond Choco	19-May-22	"$6,440 "	141
Husein Augar	India	Eclairs	9-Feb-22	"$4,956 "	58
Brien Boise	UK	Spicy Special Slims	25-May-22	"$2,352 "	58
Oby Sorrel	Australia	Manuka Honey Choco	26-Jan-22	"$3,906 "	76
Beverie Moffet	India	White Choc	4-Jul-22	"$1,813 "	296
Ches Bonnell	India	Almond Choco	13-Apr-22	"$11,788 "	73
Gigi Bohling	Australia	Smooth Sliky Salty	25-Jan-22	"$5,768 "	119
Camilla Castle	USA	85% Dark Bars	25-Apr-22	"$2,401 "	78
Camilla Castle	USA	Eclairs	10-Jun-22	"$4,515 "	392
Madelene Upcott	New Zealand	White Choc	22-Aug-22	"$10,794 "	51
Van Tuxwell	India	After Nines	27-Jun-22	"$13,706 "	207
Husein Augar	India	Orange Choco	30-Jun-22	"$4,361 "	40
Jehu Rudeforth	India	Almond Choco	30-Aug-22	"$10,122 "	100
Karlen McCaffrey	Australia	Raspberry Choco	23-Aug-22	$994 	57
Camilla Castle	New Zealand	99% Dark & Pure	26-Aug-22	"$2,268 "	42
Gigi Bohling	Australia	Orange Choco	9-Mar-22	$574 	156
Kelci Walkden	UK	Drinking Coco	20-Apr-22	"$1,792 "	23
Mallorie Waber	Canada	Caramel Stuffed Bars	10-Jun-22	"$4,844 "	539
Husein Augar	Australia	Organic Choco Syrup	8-Feb-22	$938 	158
Brien Boise	Australia	White Choc	25-Aug-22	"$4,879 "	22
Dotty Strutley	India	Peanut Butter Cubes	16-Feb-22	"$9,107 "	73
Dennison Crosswaite	UK	99% Dark & Pure	30-May-22	"$12,187 "	27
Gigi Bohling	New Zealand	50% Dark Bites	29-Jun-22	"$5,670 "	64
Gigi Bohling	USA	Milk Bars	16-Jun-22	$476 	133
Brien Boise	UK	Caramel Stuffed Bars	4-Mar-22	"$2,681 "	149
Curtice Advani	New Zealand	Peanut Butter Cubes	15-Mar-22	"$1,533 "	434
Curtice Advani	New Zealand	50% Dark Bites	27-Jan-22	"$9,765 "	85
Beverie Moffet	Canada	Drinking Coco	5-Jul-22	$994 	118
Barr Faughny	USA	Caramel Stuffed Bars	29-Mar-22	"$3,318 "	299
Mallorie Waber	Canada	Almond Choco	12-May-22	"$4,214 "	35
Oby Sorrel	USA	Drinking Coco	11-Mar-22	"$7,714 "	44
Brien Boise	New Zealand	Eclairs	11-Jul-22	"$4,690 "	299
Gunar Cockshoot	New Zealand	Choco Coated Almonds	1-Aug-22	"$13,062 "	62
Gunar Cockshoot	UK	Spicy Special Slims	16-Feb-22	"$12,488 "	200
Curtice Advani	USA	After Nines	13-Apr-22	"$14,147 "	235
Oby Sorrel	India	Choco Coated Almonds	14-Feb-22	$49 	363
Ches Bonnell	Australia	Peanut Butter Cubes	14-Mar-22	"$10,199 "	68
Oby Sorrel	Australia	Spicy Special Slims	26-Apr-22	"$11,389 "	26
Jehu Rudeforth	Canada	Manuka Honey Choco	5-Apr-22	"$3,584 "	200
Camilla Castle	Canada	Drinking Coco	3-Mar-22	"$12,481 "	264
Kaine Padly	USA	Spicy Special Slims	13-Jun-22	"$2,107 "	175
Marney O'Breen	New Zealand	70% Dark Bites	14-Feb-22	"$8,603 "	352
Roddy Speechley	New Zealand	99% Dark & Pure	18-Apr-22	"$7,483 "	183
Oby Sorrel	New Zealand	85% Dark Bars	1-Feb-22	"$3,381 "	417
Dotty Strutley	New Zealand	Orange Choco	4-Aug-22	"$2,030 "	146
Andria Kimpton	New Zealand	Almond Choco	5-Apr-22	"$6,559 "	158
Karlen McCaffrey	Australia	99% Dark & Pure	26-Jan-22	"$10,822 "	168
Kaine Padly	UK	After Nines	21-Jan-22	"$18,697 "	176
Kaine Padly	Canada	After Nines	22-Aug-22	"$5,845 "	172
Kaine Padly	UK	Drinking Coco	27-Jan-22	"$2,317 "	224
Rafaelita Blaksland	UK	50% Dark Bites	16-Feb-22	"$10,150 "	68
Dotty Strutley	USA	Raspberry Choco	3-Jan-22	"$3,437 "	46
Karlen McCaffrey	USA	White Choc	24-Aug-22	"$4,592 "	2
Oby Sorrel	USA	Spicy Special Slims	7-Feb-22	"$5,691 "	417
Mallorie Waber	Australia	Smooth Sliky Salty	11-Feb-22	"$4,158 "	109
Kaine Padly	Canada	Organic Choco Syrup	29-Mar-22	"$5,684 "	81
Marney O'Breen	USA	Peanut Butter Cubes	15-Jun-22	$693 	350
Dennison Crosswaite	UK	Smooth Sliky Salty	26-Apr-22	$546 	142
Brien Boise	Australia	Organic Choco Syrup	15-Jul-22	"$4,263 "	264
Beverie Moffet	India	Organic Choco Syrup	23-Jun-22	"$1,036 "	20
Dennison Crosswaite	Australia	Baker's Choco Chips	11-Jan-22	"$13,846 "	421
Beverie Moffet	UK	50% Dark Bites	9-Feb-22	"$2,499 "	271
Van Tuxwell	UK	Almond Choco	6-Jun-22	"$10,689 "	204
Dotty Strutley	UK	Caramel Stuffed Bars	10-Aug-22	"$5,768 "	235
Wilone O'Kielt	Australia	Smooth Sliky Salty	4-Jan-22	"$2,226 "	46
Andria Kimpton	Canada	70% Dark Bites	8-Apr-22	"$10,262 "	15
Barr Faughny	UK	Milk Bars	2-Mar-22	"$3,864 "	430
Van Tuxwell	Canada	Drinking Coco	15-Jun-22	"$4,900 "	709
Jehu Rudeforth	Australia	After Nines	14-Feb-22	"$5,250 "	47
Husein Augar	UK	After Nines	5-Jul-22	"$3,507 "	380
Barr Faughny	India	Mint Chip Choco	12-Jan-22	"$7,413 "	465
Curtice Advani	India	Mint Chip Choco	3-Mar-22	"$8,155 "	96
Jehu Rudeforth	New Zealand	Milk Bars	18-May-22	"$2,478 "	188
Gunar Cockshoot	India	Caramel Stuffed Bars	28-Jul-22	"$2,471 "	202
Curtice Advani	UK	Manuka Honey Choco	7-Feb-22	"$1,666 "	106
Andria Kimpton	India	Orange Choco	30-May-22	$301 	421
Mallorie Waber	Australia	Raspberry Choco	25-Apr-22	"$8,400 "	27
Beverie Moffet	Canada	85% Dark Bars	16-Feb-22	"$6,139 "	45
Kelci Walkden	Australia	Drinking Coco	4-May-22	"$1,288 "	60
Van Tuxwell	Canada	70% Dark Bites	2-Jun-22	"$7,077 "	77
Dennison Crosswaite	USA	Caramel Stuffed Bars	11-Jul-22	"$2,317 "	464
Beverie Moffet	New Zealand	Spicy Special Slims	7-Jun-22	$63 	60
Jan Morforth	UK	Almond Choco	6-Jul-22	"$9,744 "	157
Husein Augar	India	Raspberry Choco	15-Jun-22	"$9,954 "	154
Dotty Strutley	India	Mint Chip Choco	14-Apr-22	"$1,260 "	239
Camilla Castle	India	Drinking Coco	8-Aug-22	$469 	163
Marney O'Breen	UK	Drinking Coco	29-Mar-22	$973 	28
Roddy Speechley	Australia	Organic Choco Syrup	4-Jul-22	"$3,647 "	76
Ches Bonnell	India	99% Dark & Pure	16-Feb-22	$455 	96
Rafaelita Blaksland	Canada	Spicy Special Slims	2-May-22	"$2,520 "	156
Van Tuxwell	India	Eclairs	21-Jul-22	"$10,500 "	106
Gunar Cockshoot	Australia	99% Dark & Pure	18-Aug-22	"$7,952 "	235
Kaine Padly	USA	85% Dark Bars	22-Jun-22	$483 	259
Camilla Castle	UK	Peanut Butter Cubes	19-Jul-22	"$4,872 "	126
Madelene Upcott	UK	Peanut Butter Cubes	12-Aug-22	"$7,756 "	85
Madelene Upcott	USA	Choco Coated Almonds	7-Jun-22	"$5,446 "	132
Marney O'Breen	Canada	Peanut Butter Cubes	8-Mar-22	"$6,594 "	91
Ches Bonnell	Australia	Choco Coated Almonds	8-Apr-22	"$1,470 "	167
Curtice Advani	Canada	Eclairs	6-May-22	$721 	203
Roddy Speechley	India	Drinking Coco	31-May-22	"$4,494 "	11
Van Tuxwell	Australia	Mint Chip Choco	13-Jan-22	"$2,674 "	295
Dennison Crosswaite	USA	70% Dark Bites	15-Mar-22	$658 	77
Andria Kimpton	Canada	Peanut Butter Cubes	16-Feb-22	"$1,127 "	319
Gigi Bohling	USA	70% Dark Bites	14-Jan-22	"$7,364 "	196
Rafaelita Blaksland	Australia	White Choc	21-Mar-22	"$6,818 "	102
Roddy Speechley	Canada	Drinking Coco	17-May-22	"$6,776 "	312
Camilla Castle	New Zealand	85% Dark Bars	8-Aug-22	"$15,099 "	55
Madelene Upcott	Canada	Milk Bars	26-Apr-22	"$3,612 "	82
Madelene Upcott	Australia	70% Dark Bites	15-Apr-22	"$3,710 "	260
Oby Sorrel	Canada	Eclairs	19-May-22	"$6,111 "	591
Dennison Crosswaite	Canada	Drinking Coco	10-Jan-22	"$2,702 "	24
Mallorie Waber	New Zealand	After Nines	4-May-22	$483 	228
Roddy Speechley	Canada	White Choc	5-Apr-22	"$5,887 "	268
Andria Kimpton	India	After Nines	17-Jan-22	$952 	68
Roddy Speechley	India	Spicy Special Slims	22-Mar-22	"$10,647 "	173
Dotty Strutley	Australia	White Choc	5-Jul-22	"$6,055 "	93
Oby Sorrel	Canada	Orange Choco	27-Apr-22	"$8,757 "	338
Kaine Padly	Canada	Almond Choco	12-Aug-22	"$6,055 "	73
Jan Morforth	UK	Baker's Choco Chips	11-Mar-22	$721 	251
Jehu Rudeforth	UK	Fruit & Nut Bars	13-May-22	"$8,589 "	229
Dennison Crosswaite	USA	Smooth Sliky Salty	12-May-22	"$11,781 "	91
Brien Boise	USA	Raspberry Choco	12-Jan-22	$672 	194
Madelene Upcott	New Zealand	Milk Bars	29-Mar-22	"$12,558 "	403
Roddy Speechley	India	50% Dark Bites	14-Mar-22	"$8,337 "	12
Barr Faughny	New Zealand	99% Dark & Pure	24-May-22	"$8,134 "	195
Dennison Crosswaite	Canada	Organic Choco Syrup	28-Jan-22	"$8,491 "	75
Beverie Moffet	India	Almond Choco	24-May-22	"$3,066 "	96
Brien Boise	Australia	Peanut Butter Cubes	19-Aug-22	$301 	205
Karlen McCaffrey	Australia	Spicy Special Slims	17-May-22	"$4,410 "	323
Jehu Rudeforth	USA	White Choc	7-Jun-22	"$6,559 "	119
Ches Bonnell	Canada	Organic Choco Syrup	26-Jul-22	$574 	217
Dotty Strutley	India	Eclairs	28-Jul-22	"$2,086 "	384
Karlen McCaffrey	India	70% Dark Bites	23-May-22	"$5,075 "	344
